[{"model": "admin.logentry", "pk": 1, "fields": {"action_time": "2021-08-07T08:49:16.163Z", "user": 2, "content_type": 3, "object_id": "1", "object_repr": "Staff", "action_flag": 1, "change_message": "[{\"added\": {}}]"}}, {"model": "auth.permission", "pk": 1, "fields": {"name": "Can add log entry", "content_type": 1, "codename": "add_logentry"}}, {"model": "auth.permission", "pk": 2, "fields": {"name": "Can change log entry", "content_type": 1, "codename": "change_logentry"}}, {"model": "auth.permission", "pk": 3, "fields": {"name": "Can delete log entry", "content_type": 1, "codename": "delete_logentry"}}, {"model": "auth.permission", "pk": 4, "fields": {"name": "Can view log entry", "content_type": 1, "codename": "view_logentry"}}, {"model": "auth.permission", "pk": 5, "fields": {"name": "Can add permission", "content_type": 2, "codename": "add_permission"}}, {"model": "auth.permission", "pk": 6, "fields": {"name": "Can change permission", "content_type": 2, "codename": "change_permission"}}, {"model": "auth.permission", "pk": 7, "fields": {"name": "Can delete permission", "content_type": 2, "codename": "delete_permission"}}, {"model": "auth.permission", "pk": 8, "fields": {"name": "Can view permission", "content_type": 2, "codename": "view_permission"}}, {"model": "auth.permission", "pk": 9, "fields": {"name": "Can add group", "content_type": 3, "codename": "add_group"}}, {"model": "auth.permission", "pk": 10, "fields": {"name": "Can change group", "content_type": 3, "codename": "change_group"}}, {"model": "auth.permission", "pk": 11, "fields": {"name": "Can delete group", "content_type": 3, "codename": "delete_group"}}, {"model": "auth.permission", "pk": 12, "fields": {"name": "Can view group", "content_type": 3, "codename": "view_group"}}, {"model": "auth.permission", "pk": 13, "fields": {"name": "Can add user", "content_type": 4, "codename": "add_user"}}, {"model": "auth.permission", "pk": 14, "fields": {"name": "Can change user", "content_type": 4, "codename": "change_user"}}, {"model": "auth.permission", "pk": 15, "fields": {"name": "Can delete user", "content_type": 4, "codename": "delete_user"}}, {"model": "auth.permission", "pk": 16, "fields": {"name": "Can view user", "content_type": 4, "codename": "view_user"}}, {"model": "auth.permission", "pk": 17, "fields": {"name": "Can add content type", "content_type": 5, "codename": "add_contenttype"}}, {"model": "auth.permission", "pk": 18, "fields": {"name": "Can change content type", "content_type": 5, "codename": "change_contenttype"}}, {"model": "auth.permission", "pk": 19, "fields": {"name": "Can delete content type", "content_type": 5, "codename": "delete_contenttype"}}, {"model": "auth.permission", "pk": 20, "fields": {"name": "Can view content type", "content_type": 5, "codename": "view_contenttype"}}, {"model": "auth.permission", "pk": 21, "fields": {"name": "Can add session", "content_type": 6, "codename": "add_session"}}, {"model": "auth.permission", "pk": 22, "fields": {"name": "Can change session", "content_type": 6, "codename": "change_session"}}, {"model": "auth.permission", "pk": 23, "fields": {"name": "Can delete session", "content_type": 6, "codename": "delete_session"}}, {"model": "auth.permission", "pk": 24, "fields": {"name": "Can view session", "content_type": 6, "codename": "view_session"}}, {"model": "auth.permission", "pk": 25, "fields": {"name": "Can add address", "content_type": 7, "codename": "add_address"}}, {"model": "auth.permission", "pk": 26, "fields": {"name": "Can change address", "content_type": 7, "codename": "change_address"}}, {"model": "auth.permission", "pk": 27, "fields": {"name": "Can delete address", "content_type": 7, "codename": "delete_address"}}, {"model": "auth.permission", "pk": 28, "fields": {"name": "Can view address", "content_type": 7, "codename": "view_address"}}, {"model": "auth.permission", "pk": 29, "fields": {"name": "Can add building", "content_type": 8, "codename": "add_building"}}, {"model": "auth.permission", "pk": 30, "fields": {"name": "Can change building", "content_type": 8, "codename": "change_building"}}, {"model": "auth.permission", "pk": 31, "fields": {"name": "Can delete building", "content_type": 8, "codename": "delete_building"}}, {"model": "auth.permission", "pk": 32, "fields": {"name": "Can view building", "content_type": 8, "codename": "view_building"}}, {"model": "auth.permission", "pk": 33, "fields": {"name": "Can add contract", "content_type": 9, "codename": "add_contract"}}, {"model": "auth.permission", "pk": 34, "fields": {"name": "Can change contract", "content_type": 9, "codename": "change_contract"}}, {"model": "auth.permission", "pk": 35, "fields": {"name": "Can delete contract", "content_type": 9, "codename": "delete_contract"}}, {"model": "auth.permission", "pk": 36, "fields": {"name": "Can view contract", "content_type": 9, "codename": "view_contract"}}, {"model": "auth.permission", "pk": 37, "fields": {"name": "Can add department", "content_type": 10, "codename": "add_department"}}, {"model": "auth.permission", "pk": 38, "fields": {"name": "Can change department", "content_type": 10, "codename": "change_department"}}, {"model": "auth.permission", "pk": 39, "fields": {"name": "Can delete department", "content_type": 10, "codename": "delete_department"}}, {"model": "auth.permission", "pk": 40, "fields": {"name": "Can view department", "content_type": 10, "codename": "view_department"}}, {"model": "auth.permission", "pk": 41, "fields": {"name": "Can add region", "content_type": 11, "codename": "add_region"}}, {"model": "auth.permission", "pk": 42, "fields": {"name": "Can change region", "content_type": 11, "codename": "change_region"}}, {"model": "auth.permission", "pk": 43, "fields": {"name": "Can delete region", "content_type": 11, "codename": "delete_region"}}, {"model": "auth.permission", "pk": 44, "fields": {"name": "Can view region", "content_type": 11, "codename": "view_region"}}, {"model": "auth.permission", "pk": 45, "fields": {"name": "Can add personal data", "content_type": 12, "codename": "add_personaldata"}}, {"model": "auth.permission", "pk": 46, "fields": {"name": "Can change personal data", "content_type": 12, "codename": "change_personaldata"}}, {"model": "auth.permission", "pk": 47, "fields": {"name": "Can delete personal data", "content_type": 12, "codename": "delete_personaldata"}}, {"model": "auth.permission", "pk": 48, "fields": {"name": "Can view personal data", "content_type": 12, "codename": "view_personaldata"}}, {"model": "auth.permission", "pk": 49, "fields": {"name": "Can add employee", "content_type": 13, "codename": "add_employee"}}, {"model": "auth.permission", "pk": 50, "fields": {"name": "Can change employee", "content_type": 13, "codename": "change_employee"}}, {"model": "auth.permission", "pk": 51, "fields": {"name": "Can delete employee", "content_type": 13, "codename": "delete_employee"}}, {"model": "auth.permission", "pk": 52, "fields": {"name": "Can view employee", "content_type": 13, "codename": "view_employee"}}, {"model": "auth.permission", "pk": 53, "fields": {"name": "Can add drawing", "content_type": 14, "codename": "add_drawing"}}, {"model": "auth.permission", "pk": 54, "fields": {"name": "Can change drawing", "content_type": 14, "codename": "change_drawing"}}, {"model": "auth.permission", "pk": 55, "fields": {"name": "Can delete drawing", "content_type": 14, "codename": "delete_drawing"}}, {"model": "auth.permission", "pk": 56, "fields": {"name": "Can view drawing", "content_type": 14, "codename": "view_drawing"}}, {"model": "auth.permission", "pk": 57, "fields": {"name": "Can add customer", "content_type": 15, "codename": "add_customer"}}, {"model": "auth.permission", "pk": 58, "fields": {"name": "Can change customer", "content_type": 15, "codename": "change_customer"}}, {"model": "auth.permission", "pk": 59, "fields": {"name": "Can delete customer", "content_type": 15, "codename": "delete_customer"}}, {"model": "auth.permission", "pk": 60, "fields": {"name": "Can view customer", "content_type": 15, "codename": "view_customer"}}, {"model": "auth.permission", "pk": 61, "fields": {"name": "Can add association", "content_type": 16, "codename": "add_association"}}, {"model": "auth.permission", "pk": 62, "fields": {"name": "Can change association", "content_type": 16, "codename": "change_association"}}, {"model": "auth.permission", "pk": 63, "fields": {"name": "Can delete association", "content_type": 16, "codename": "delete_association"}}, {"model": "auth.permission", "pk": 64, "fields": {"name": "Can view association", "content_type": 16, "codename": "view_association"}}, {"model": "auth.permission", "pk": 65, "fields": {"name": "Can add code", "content_type": 17, "codename": "add_code"}}, {"model": "auth.permission", "pk": 66, "fields": {"name": "Can change code", "content_type": 17, "codename": "change_code"}}, {"model": "auth.permission", "pk": 67, "fields": {"name": "Can delete code", "content_type": 17, "codename": "delete_code"}}, {"model": "auth.permission", "pk": 68, "fields": {"name": "Can view code", "content_type": 17, "codename": "view_code"}}, {"model": "auth.permission", "pk": 69, "fields": {"name": "Can add nonce", "content_type": 18, "codename": "add_nonce"}}, {"model": "auth.permission", "pk": 70, "fields": {"name": "Can change nonce", "content_type": 18, "codename": "change_nonce"}}, {"model": "auth.permission", "pk": 71, "fields": {"name": "Can delete nonce", "content_type": 18, "codename": "delete_nonce"}}, {"model": "auth.permission", "pk": 72, "fields": {"name": "Can view nonce", "content_type": 18, "codename": "view_nonce"}}, {"model": "auth.permission", "pk": 73, "fields": {"name": "Can add user social auth", "content_type": 19, "codename": "add_usersocialauth"}}, {"model": "auth.permission", "pk": 74, "fields": {"name": "Can change user social auth", "content_type": 19, "codename": "change_usersocialauth"}}, {"model": "auth.permission", "pk": 75, "fields": {"name": "Can delete user social auth", "content_type": 19, "codename": "delete_usersocialauth"}}, {"model": "auth.permission", "pk": 76, "fields": {"name": "Can view user social auth", "content_type": 19, "codename": "view_usersocialauth"}}, {"model": "auth.permission", "pk": 77, "fields": {"name": "Can add partial", "content_type": 20, "codename": "add_partial"}}, {"model": "auth.permission", "pk": 78, "fields": {"name": "Can change partial", "content_type": 20, "codename": "change_partial"}}, {"model": "auth.permission", "pk": 79, "fields": {"name": "Can delete partial", "content_type": 20, "codename": "delete_partial"}}, {"model": "auth.permission", "pk": 80, "fields": {"name": "Can view partial", "content_type": 20, "codename": "view_partial"}}, {"model": "auth.group", "pk": 1, "fields": {"name": "Staff", "permissions": [16, 28, 29, 32, 33, 36, 60, 40, 53, 55, 56, 44]}}, {"model": "auth.user", "pk": 1, "fields": {"password": "!eKmovaenYo0k63s9mG9sdJwU9wnzKyDNIWGMe5Zq", "last_login": "2021-08-25T18:40:38.529Z", "is_superuser": false, "username": "bartoszsklodowski", "first_name": "Bartosz", "last_name": "Sk³odowski", "email": "", "is_staff": false, "is_active": true, "date_joined": "2021-08-05T13:46:29.657Z", "groups": [], "user_permissions": []}}, {"model": "auth.user", "pk": 2, "fields": {"password": "pbkdf2_sha256$260000$wjYOWeIobprWndZGSMYnUK$VEq/ldygROFSuglNplnqCZaFv9zng6AtpJJEvUOFHAs=", "last_login": "2021-08-29T15:24:37.868Z", "is_superuser": true, "username": "admin", "first_name": "", "last_name": "", "email": "sklodowski94@gmail.com", "is_staff": true, "is_active": true, "date_joined": "2021-08-05T13:50:10.761Z", "groups": [], "user_permissions": []}}, {"model": "auth.user", "pk": 3, "fields": {"password": "pbkdf2_sha256$260000$EM74mPwUalWkq4GsR1AITl$3cwDiBE7lEbIVFNYmnPd8Dk1zs5Md6tVswGZMwp/ecc=", "last_login": "2021-08-25T18:41:00.017Z", "is_superuser": false, "username": "User_1", "first_name": "", "last_name": "", "email": "drogba477@gmail.com", "is_staff": false, "is_active": true, "date_joined": "2021-08-07T08:50:19.553Z", "groups": [1], "user_permissions": []}}, {"model": "contenttypes.contenttype", "pk": 1, "fields": {"app_label": "admin", "model": "logentry"}}, {"model": "contenttypes.contenttype", "pk": 2, "fields": {"app_label": "auth", "model": "permission"}}, {"model": "contenttypes.contenttype", "pk": 3, "fields": {"app_label": "auth", "model": "group"}}, {"model": "contenttypes.contenttype", "pk": 4, "fields": {"app_label": "auth", "model": "user"}}, {"model": "contenttypes.contenttype", "pk": 5, "fields": {"app_label": "contenttypes", "model": "contenttype"}}, {"model": "contenttypes.contenttype", "pk": 6, "fields": {"app_label": "sessions", "model": "session"}}, {"model": "contenttypes.contenttype", "pk": 7, "fields": {"app_label": "contracts", "model": "address"}}, {"model": "contenttypes.contenttype", "pk": 8, "fields": {"app_label": "contracts", "model": "building"}}, {"model": "contenttypes.contenttype", "pk": 9, "fields": {"app_label": "contracts", "model": "contract"}}, {"model": "contenttypes.contenttype", "pk": 10, "fields": {"app_label": "contracts", "model": "department"}}, {"model": "contenttypes.contenttype", "pk": 11, "fields": {"app_label": "contracts", "model": "region"}}, {"model": "contenttypes.contenttype", "pk": 12, "fields": {"app_label": "contracts", "model": "personaldata"}}, {"model": "contenttypes.contenttype", "pk": 13, "fields": {"app_label": "contracts", "model": "employee"}}, {"model": "contenttypes.contenttype", "pk": 14, "fields": {"app_label": "contracts", "model": "drawing"}}, {"model": "contenttypes.contenttype", "pk": 15, "fields": {"app_label": "contracts", "model": "customer"}}, {"model": "contenttypes.contenttype", "pk": 16, "fields": {"app_label": "social_django", "model": "association"}}, {"model": "contenttypes.contenttype", "pk": 17, "fields": {"app_label": "social_django", "model": "code"}}, {"model": "contenttypes.contenttype", "pk": 18, "fields": {"app_label": "social_django", "model": "nonce"}}, {"model": "contenttypes.contenttype", "pk": 19, "fields": {"app_label": "social_django", "model": "usersocialauth"}}, {"model": "contenttypes.contenttype", "pk": 20, "fields": {"app_label": "social_django", "model": "partial"}}, {"model": "sessions.session", "pk": "1y56tffx4jk0rf0i5kgh832ewe3h1afx", "fields": {"session_data": ".eJxVjEEOwiAQRe_C2hAYoDgu3fcMZBhAqoYmpV0Z765NutDtf-_9lwi0rTVsPS9hSuIiQJx-t0j8yG0H6U7tNkue27pMUe6KPGiX45zy83q4fweVev3W1qIdyHhrissJvAHUBkExMCZ0yrgzOT9Yb1hjBAdFk3eKNZXMFrN4fwClrja6:1mKMfl:MJenc17vRZvSTOY6S0-SIX7LhvowV9fasCtusygMm30", "expire_date": "2021-09-12T15:24:37.870Z"}}, {"model": "sessions.session", "pk": "eoocym6ypxp6eau3x1f2vy2yntx4h70w", "fields": {"session_data": ".eJxVjEEOwiAQRe_C2hAYoDgu3fcMZBhAqoYmpV0Z765NutDtf-_9lwi0rTVsPS9hSuIiQJx-t0j8yG0H6U7tNkue27pMUe6KPGiX45zy83q4fweVev3W1qIdyHhrissJvAHUBkExMCZ0yrgzOT9Yb1hjBAdFk3eKNZXMFrN4fwClrja6:1mCTz6:dgoHTBqMwFzxW3yC-5pI_PMgEQ_0MAjq1JDPfURgq3U", "expire_date": "2021-08-21T21:36:00.884Z"}}, {"model": "sessions.session", "pk": "ndvoi0bq4x2k6zsxedpu056j7sye9o01", "fields": {"session_data": ".eJxVjEEOwiAQRe_C2hAYoDgu3fcMZBhAqoYmpV0Z765NutDtf-_9lwi0rTVsPS9hSuIiQJx-t0j8yG0H6U7tNkue27pMUe6KPGiX45zy83q4fweVev3W1qIdyHhrissJvAHUBkExMCZ0yrgzOT9Yb1hjBAdFk3eKNZXMFrN4fwClrja6:1mBdlP:n-_mCzehsdclPQh9xt932zxCHDGy-24hgibLRT8s5Vs", "expire_date": "2021-08-19T13:50:23.628Z"}}, {"model": "contracts.address", "pk": 1, "fields": {"street": "Z³ota, 5", "zip_code": "05-200", "town": "Wo³omin"}}, {"model": "contracts.address", "pk": 2, "fields": {"street": "Domaniewska 32", "zip_code": "02-672", "town": "Warszawa"}}, {"model": "contracts.address", "pk": 3, "fields": {"street": "Bankowa 32", "zip_code": "05-232", "town": "Zielonka"}}, {"model": "contracts.address", "pk": 4, "fields": {"street": "Parzniewska 10", "zip_code": "05-800", "town": "Pruszków"}}, {"model": "contracts.address", "pk": 5, "fields": {"street": "Akacjowa 15", "zip_code": "05-281", "town": "Urle"}}, {"model": "contracts.address", "pk": 6, "fields": {"street": "Szklarniowa 8", "zip_code": "03-046", "town": "Warszawa"}}, {"model": "contracts.address", "pk": 7, "fields": {"street": "Lipowa 2", "zip_code": "52-340", "town": "Wroc³aw"}}, {"model": "contracts.customer", "pk": 1, "fields": {"name": "Strabag", "description": "", "address": 4}}, {"model": "contracts.customer", "pk": 2, "fields": {"name": "Warbud", "description": "", "address": 2}}, {"model": "contracts.region", "pk": 1, "fields": {"name": "Warsaw", "prefix": 286, "address": 6}}, {"model": "contracts.region", "pk": 2, "fields": {"name": "Wroc³aw", "prefix": 295, "address": 7}}, {"model": "contracts.personaldata", "pk": 1, "fields": {"name": "Bartosz", "last_name": "Sk³odowski", "address": 1}}, {"model": "contracts.personaldata", "pk": 2, "fields": {"name": "Jaœ", "last_name": "Kapela", "address": 3}}, {"model": "contracts.department", "pk": 1, "fields": {"name": "Technical Department", "description": ""}}, {"model": "contracts.department", "pk": 2, "fields": {"name": "Financial Department", "description": ""}}, {"model": "contracts.employee", "pk": 1, "fields": {"position": "Technician", "hire_date": "2019-02-02", "personal_data": 1, "department": 1}}, {"model": "contracts.employee", "pk": 2, "fields": {"position": "Technician Manager", "hire_date": "2015-04-07", "personal_data": 2, "department": 1}}, {"model": "contracts.contract", "pk": 1, "fields": {"number": "286-005363", "name": "S-14 Budowa Wschodniej Obwodnicy £odzi", "type": "Obiekty in¿ynieryjne", "start_date": "2019-04-10", "end_date": null, "description": "", "address": null, "customer": 1, "region": 1, "employee": [2]}}, {"model": "contracts.contract", "pk": 2, "fields": {"number": "286-006097", "name": "S-19 Budowa Obwodnicy Kraœnika", "type": "Obiekty in¿ynieryjne", "start_date": "2018-06-10", "end_date": null, "description": "", "address": 5, "customer": 2, "region": 1, "employee": [1, 2]}}, {"model": "contracts.contract", "pk": 174, "fields": {"number": "286-006144", "name": "Project of building", "type": "Building", "start_date": "1972-09-21", "end_date": "2019-10-23", "description": "Slbas, walls and foundation", "address": 1, "customer": 1, "region": 1, "employee": [1]}}, {"model": "contracts.contract", "pk": 175, "fields": {"number": "286-006656", "name": "Project of building", "type": "Building", "start_date": "1972-09-21", "end_date": "2019-10-23", "description": "Slbas, walls and foundation", "address": 1, "customer": 1, "region": 1, "employee": [1]}}, {"model": "contracts.contract", "pk": 176, "fields": {"number": "286-006148", "name": "Project of building", "type": "Building", "start_date": "1972-09-21", "end_date": "2019-10-23", "description": "Slbas, walls and foundation", "address": 1, "customer": 1, "region": 1, "employee": [1]}}, {"model": "contracts.contract", "pk": 177, "fields": {"number": "286-006157", "name": "Project of building", "type": "Building", "start_date": "1972-09-21", "end_date": "2019-10-23", "description": "Slbas, walls and foundation", "address": 1, "customer": 1, "region": 1, "employee": [1]}}, {"model": "contracts.contract", "pk": 178, "fields": {"number": "286-006673", "name": "Project of building", "type": "Building", "start_date": "1972-09-21", "end_date": "2019-10-23", "description": "Slbas, walls and foundation", "address": 1, "customer": 1, "region": 1, "employee": [1]}}, {"model": "contracts.contract", "pk": 179, "fields": {"number": "286-006178", "name": "Project of building", "type": "Building", "start_date": "1972-09-21", "end_date": "2019-10-23", "description": "Slbas, walls and foundation", "address": 1, "customer": 1, "region": 1, "employee": [1]}}, {"model": "contracts.contract", "pk": 180, "fields": {"number": "286-005167", "name": "Project of building", "type": "Building", "start_date": "1972-09-21", "end_date": "2019-10-23", "description": "Slbas, walls and foundation", "address": 1, "customer": 1, "region": 1, "employee": [1]}}, {"model": "contracts.contract", "pk": 181, "fields": {"number": "286-005680", "name": "Project of building", "type": "Building", "start_date": "1972-09-21", "end_date": "2019-10-23", "description": "Slbas, walls and foundation", "address": 1, "customer": 1, "region": 1, "employee": [1]}}, {"model": "contracts.contract", "pk": 182, "fields": {"number": "286-006709", "name": "Project of building", "type": "Building", "start_date": "1972-09-21", "end_date": "2019-10-23", "description": "Slbas, walls and foundation", "address": 1, "customer": 1, "region": 1, "employee": [1]}}, {"model": "contracts.contract", "pk": 183, "fields": {"number": "286-005688", "name": "Project of building", "type": "Building", "start_date": "1972-09-21", "end_date": "2019-10-23", "description": "Slbas, walls and foundation", "address": 1, "customer": 1, "region": 1, "employee": [1]}}, {"model": "contracts.contract", "pk": 184, "fields": {"number": "286-006206", "name": "Project of building", "type": "Building", "start_date": "1972-09-21", "end_date": "2019-10-23", "description": "Slbas, walls and foundation", "address": 1, "customer": 1, "region": 1, "employee": [1]}}, {"model": "contracts.contract", "pk": 185, "fields": {"number": "286-005696", "name": "Project of building", "type": "Building", "start_date": "1972-09-21", "end_date": "2019-10-23", "description": "Slbas, walls and foundation", "address": 1, "customer": 1, "region": 1, "employee": [1]}}, {"model": "contracts.contract", "pk": 186, "fields": {"number": "286-006726", "name": "Project of building", "type": "Building", "start_date": "1972-09-21", "end_date": "2019-10-23", "description": "Slbas, walls and foundation", "address": 1, "customer": 1, "region": 1, "employee": [1]}}, {"model": "contracts.contract", "pk": 187, "fields": {"number": "286-006222", "name": "Project of building", "type": "Building", "start_date": "1972-09-21", "end_date": "2019-10-23", "description": "Slbas, walls and foundation", "address": 1, "customer": 1, "region": 1, "employee": [1]}}, {"model": "contracts.contract", "pk": 188, "fields": {"number": "286-005199", "name": "Project of building", "type": "Building", "start_date": "1972-09-21", "end_date": "2019-10-23", "description": "Slbas, walls and foundation", "address": 1, "customer": 1, "region": 1, "employee": [1]}}, {"model": "contracts.contract", "pk": 189, "fields": {"number": "286-006224", "name": "Project of building", "type": "Building", "start_date": "1972-09-21", "end_date": "2019-10-23", "description": "Slbas, walls and foundation", "address": 1, "customer": 1, "region": 1, "employee": [1]}}, {"model": "contracts.contract", "pk": 190, "fields": {"number": "286-006233", "name": "Project of building", "type": "Building", "start_date": "1972-09-21", "end_date": "2019-10-23", "description": "Slbas, walls and foundation", "address": 1, "customer": 1, "region": 1, "employee": [1]}}, {"model": "contracts.contract", "pk": 191, "fields": {"number": "286-005211", "name": "Project of building", "type": "Building", "start_date": "1972-09-21", "end_date": "2019-10-23", "description": "Slbas, walls and foundation", "address": 1, "customer": 1, "region": 1, "employee": [1]}}, {"model": "contracts.contract", "pk": 192, "fields": {"number": "286-005214", "name": "Project of building", "type": "Building", "start_date": "1972-09-21", "end_date": "2019-10-23", "description": "Slbas, walls and foundation", "address": 1, "customer": 1, "region": 1, "employee": [1]}}, {"model": "contracts.contract", "pk": 193, "fields": {"number": "286-006242", "name": "Project of building", "type": "Building", "start_date": "1972-09-21", "end_date": "2019-10-23", "description": "Slbas, walls and foundation", "address": 1, "customer": 1, "region": 1, "employee": [1]}}, {"model": "contracts.contract", "pk": 194, "fields": {"number": "286-006248", "name": "Project of building", "type": "Building", "start_date": "1972-09-21", "end_date": "2019-10-23", "description": "Slbas, walls and foundation", "address": 1, "customer": 1, "region": 1, "employee": [1]}}, {"model": "contracts.contract", "pk": 195, "fields": {"number": "286-005224", "name": "Project of building", "type": "Building", "start_date": "1972-09-21", "end_date": "2019-10-23", "description": "Slbas, walls and foundation", "address": 1, "customer": 1, "region": 1, "employee": [1]}}, {"model": "contracts.contract", "pk": 196, "fields": {"number": "286-005738", "name": "Project of building", "type": "Building", "start_date": "1972-09-21", "end_date": "2019-10-23", "description": "Slbas, walls and foundation", "address": 1, "customer": 1, "region": 1, "employee": [1]}}, {"model": "contracts.contract", "pk": 197, "fields": {"number": "286-006768", "name": "Project of building", "type": "Building", "start_date": "1972-09-21", "end_date": "2019-10-23", "description": "Slbas, walls and foundation", "address": 1, "customer": 1, "region": 1, "employee": [1]}}, {"model": "contracts.contract", "pk": 198, "fields": {"number": "286-005752", "name": "Project of building", "type": "Building", "start_date": "1972-09-21", "end_date": "2019-10-23", "description": "Slbas, walls and foundation", "address": 1, "customer": 1, "region": 1, "employee": [1]}}, {"model": "contracts.contract", "pk": 199, "fields": {"number": "286-006779", "name": "Project of building", "type": "Building", "start_date": "1972-09-21", "end_date": "2019-10-23", "description": "Slbas, walls and foundation", "address": 1, "customer": 1, "region": 1, "employee": [1]}}, {"model": "contracts.contract", "pk": 200, "fields": {"number": "286-005765", "name": "Project of building", "type": "Building", "start_date": "1972-09-21", "end_date": "2019-10-23", "description": "Slbas, walls and foundation", "address": 1, "customer": 1, "region": 1, "employee": [1]}}, {"model": "contracts.contract", "pk": 201, "fields": {"number": "286-005257", "name": "Project of building", "type": "Building", "start_date": "1972-09-21", "end_date": "2019-10-23", "description": "Slbas, walls and foundation", "address": 1, "customer": 1, "region": 1, "employee": [1]}}, {"model": "contracts.contract", "pk": 202, "fields": {"number": "286-006283", "name": "Project of building", "type": "Building", "start_date": "1972-09-21", "end_date": "2019-10-23", "description": "Slbas, walls and foundation", "address": 1, "customer": 1, "region": 1, "employee": [1]}}, {"model": "contracts.contract", "pk": 203, "fields": {"number": "286-006284", "name": "Project of building", "type": "Building", "start_date": "1972-09-21", "end_date": "2019-10-23", "description": "Slbas, walls and foundation", "address": 1, "customer": 1, "region": 1, "employee": [1]}}, {"model": "contracts.contract", "pk": 204, "fields": {"number": "286-005778", "name": "Project of building", "type": "Building", "start_date": "1972-09-21", "end_date": "2019-10-23", "description": "Slbas, walls and foundation", "address": 1, "customer": 1, "region": 1, "employee": [1]}}, {"model": "contracts.contract", "pk": 205, "fields": {"number": "286-005274", "name": "Project of building", "type": "Building", "start_date": "1972-09-21", "end_date": "2019-10-23", "description": "Slbas, walls and foundation", "address": 1, "customer": 1, "region": 1, "employee": [1]}}, {"model": "contracts.contract", "pk": 206, "fields": {"number": "286-005275", "name": "Project of building", "type": "Building", "start_date": "1972-09-21", "end_date": "2019-10-23", "description": "Slbas, walls and foundation", "address": 1, "customer": 1, "region": 1, "employee": [1]}}, {"model": "contracts.contract", "pk": 207, "fields": {"number": "286-005280", "name": "Project of building", "type": "Building", "start_date": "1972-09-21", "end_date": "2019-10-23", "description": "Slbas, walls and foundation", "address": 1, "customer": 1, "region": 1, "employee": [1]}}, {"model": "contracts.contract", "pk": 208, "fields": {"number": "286-005811", "name": "Project of building", "type": "Building", "start_date": "1972-09-21", "end_date": "2019-10-23", "description": "Slbas, walls and foundation", "address": 1, "customer": 1, "region": 1, "employee": [1]}}, {"model": "contracts.contract", "pk": 209, "fields": {"number": "286-006846", "name": "Project of building", "type": "Building", "start_date": "1972-09-21", "end_date": "2019-10-23", "description": "Slbas, walls and foundation", "address": 1, "customer": 1, "region": 1, "employee": [1]}}, {"model": "contracts.contract", "pk": 210, "fields": {"number": "286-005833", "name": "Project of building", "type": "Building", "start_date": "1972-09-21", "end_date": "2019-10-23", "description": "Slbas, walls and foundation", "address": 1, "customer": 1, "region": 1, "employee": [1]}}, {"model": "contracts.contract", "pk": 211, "fields": {"number": "286-005840", "name": "Project of building", "type": "Building", "start_date": "1972-09-21", "end_date": "2019-10-23", "description": "Slbas, walls and foundation", "address": 1, "customer": 1, "region": 1, "employee": [1]}}, {"model": "contracts.contract", "pk": 212, "fields": {"number": "286-005329", "name": "Project of building", "type": "Building", "start_date": "1972-09-21", "end_date": "2019-10-23", "description": "Slbas, walls and foundation", "address": 1, "customer": 1, "region": 1, "employee": [1]}}, {"model": "contracts.contract", "pk": 213, "fields": {"number": "286-005340", "name": "Project of building", "type": "Building", "start_date": "1972-09-21", "end_date": "2019-10-23", "description": "Slbas, walls and foundation", "address": 1, "customer": 1, "region": 1, "employee": [1]}}, {"model": "contracts.contract", "pk": 214, "fields": {"number": "286-006365", "name": "Project of building", "type": "Building", "start_date": "1972-09-21", "end_date": "2019-10-23", "description": "Slbas, walls and foundation", "address": 1, "customer": 1, "region": 1, "employee": [1]}}, {"model": "contracts.contract", "pk": 215, "fields": {"number": "286-006367", "name": "Project of building", "type": "Building", "start_date": "1972-09-21", "end_date": "2019-10-23", "description": "Slbas, walls and foundation", "address": 1, "customer": 1, "region": 1, "employee": [1]}}, {"model": "contracts.contract", "pk": 216, "fields": {"number": "286-005856", "name": "Project of building", "type": "Building", "start_date": "1972-09-21", "end_date": "2019-10-23", "description": "Slbas, walls and foundation", "address": 1, "customer": 1, "region": 1, "employee": [1]}}, {"model": "contracts.contract", "pk": 217, "fields": {"number": "286-006884", "name": "Project of building", "type": "Building", "start_date": "1972-09-21", "end_date": "2019-10-23", "description": "Slbas, walls and foundation", "address": 1, "customer": 1, "region": 1, "employee": [1]}}, {"model": "contracts.contract", "pk": 218, "fields": {"number": "286-006380", "name": "Project of building", "type": "Building", "start_date": "1972-09-21", "end_date": "2019-10-23", "description": "Slbas, walls and foundation", "address": 1, "customer": 1, "region": 1, "employee": [1]}}, {"model": "contracts.contract", "pk": 219, "fields": {"number": "286-006900", "name": "Project of building", "type": "Building", "start_date": "1972-09-21", "end_date": "2019-10-23", "description": "Slbas, walls and foundation", "address": 1, "customer": 1, "region": 1, "employee": [1]}}, {"model": "contracts.contract", "pk": 220, "fields": {"number": "286-005367", "name": "Project of building", "type": "Building", "start_date": "1972-09-21", "end_date": "2019-10-23", "description": "Slbas, walls and foundation", "address": 1, "customer": 1, "region": 1, "employee": [1]}}, {"model": "contracts.contract", "pk": 221, "fields": {"number": "286-006904", "name": "Project of building", "type": "Building", "start_date": "1972-09-21", "end_date": "2019-10-23", "description": "Slbas, walls and foundation", "address": 1, "customer": 1, "region": 1, "employee": [1]}}, {"model": "contracts.contract", "pk": 222, "fields": {"number": "286-005882", "name": "Project of building", "type": "Building", "start_date": "1972-09-21", "end_date": "2019-10-23", "description": "Slbas, walls and foundation", "address": 1, "customer": 1, "region": 1, "employee": [1]}}, {"model": "contracts.contract", "pk": 223, "fields": {"number": "286-006395", "name": "Project of building", "type": "Building", "start_date": "1972-09-21", "end_date": "2019-10-23", "description": "Slbas, walls and foundation", "address": 1, "customer": 1, "region": 1, "employee": [1]}}, {"model": "contracts.contract", "pk": 224, "fields": {"number": "286-006910", "name": "Project of building", "type": "Building", "start_date": "1972-09-21", "end_date": "2019-10-23", "description": "Slbas, walls and foundation", "address": 1, "customer": 1, "region": 1, "employee": [1]}}, {"model": "contracts.contract", "pk": 225, "fields": {"number": "286-005891", "name": "Project of building", "type": "Building", "start_date": "1972-09-21", "end_date": "2019-10-23", "description": "Slbas, walls and foundation", "address": 1, "customer": 1, "region": 1, "employee": [1]}}, {"model": "contracts.contract", "pk": 226, "fields": {"number": "286-005893", "name": "Project of building", "type": "Building", "start_date": "1972-09-21", "end_date": "2019-10-23", "description": "Slbas, walls and foundation", "address": 1, "customer": 1, "region": 1, "employee": [1]}}, {"model": "contracts.contract", "pk": 227, "fields": {"number": "286-006921", "name": "Project of building", "type": "Building", "start_date": "1972-09-21", "end_date": "2019-10-23", "description": "Slbas, walls and foundation", "address": 1, "customer": 1, "region": 1, "employee": [1]}}, {"model": "contracts.contract", "pk": 228, "fields": {"number": "286-006410", "name": "Project of building", "type": "Building", "start_date": "1972-09-21", "end_date": "2019-10-23", "description": "Slbas, walls and foundation", "address": 1, "customer": 1, "region": 1, "employee": [1]}}, {"model": "contracts.contract", "pk": 229, "fields": {"number": "286-005905", "name": "Project of building", "type": "Building", "start_date": "1972-09-21", "end_date": "2019-10-23", "description": "Slbas, walls and foundation", "address": 1, "customer": 1, "region": 1, "employee": [1]}}, {"model": "contracts.contract", "pk": 230, "fields": {"number": "286-005395", "name": "Project of building", "type": "Building", "start_date": "1972-09-21", "end_date": "2019-10-23", "description": "Slbas, walls and foundation", "address": 1, "customer": 1, "region": 1, "employee": [1]}}, {"model": "contracts.contract", "pk": 231, "fields": {"number": "286-005924", "name": "Project of building", "type": "Building", "start_date": "1972-09-21", "end_date": "2019-10-23", "description": "Slbas, walls and foundation", "address": 1, "customer": 1, "region": 1, "employee": [1]}}, {"model": "contracts.contract", "pk": 232, "fields": {"number": "286-005928", "name": "Project of building", "type": "Building", "start_date": "1972-09-21", "end_date": "2019-10-23", "description": "Slbas, walls and foundation", "address": 1, "customer": 1, "region": 1, "employee": [1]}}, {"model": "contracts.contract", "pk": 233, "fields": {"number": "286-005421", "name": "Project of building", "type": "Building", "start_date": "1972-09-21", "end_date": "2019-10-23", "description": "Slbas, walls and foundation", "address": 1, "customer": 1, "region": 1, "employee": [1]}}, {"model": "contracts.contract", "pk": 234, "fields": {"number": "286-005422", "name": "Project of building", "type": "Building", "start_date": "1972-09-21", "end_date": "2019-10-23", "description": "Slbas, walls and foundation", "address": 1, "customer": 1, "region": 1, "employee": [1]}}, {"model": "contracts.contract", "pk": 235, "fields": {"number": "286-006456", "name": "Project of building", "type": "Building", "start_date": "1972-09-21", "end_date": "2019-10-23", "description": "Slbas, walls and foundation", "address": 1, "customer": 1, "region": 1, "employee": [1]}}, {"model": "contracts.contract", "pk": 236, "fields": {"number": "286-005948", "name": "Project of building", "type": "Building", "start_date": "1972-09-21", "end_date": "2019-10-23", "description": "Slbas, walls and foundation", "address": 1, "customer": 1, "region": 1, "employee": [1]}}, {"model": "contracts.contract", "pk": 237, "fields": {"number": "286-005959", "name": "Project of building", "type": "Building", "start_date": "1972-09-21", "end_date": "2019-10-23", "description": "Slbas, walls and foundation", "address": 1, "customer": 1, "region": 1, "employee": [1]}}, {"model": "contracts.contract", "pk": 238, "fields": {"number": "286-005964", "name": "Project of building", "type": "Building", "start_date": "1972-09-21", "end_date": "2019-10-23", "description": "Slbas, walls and foundation", "address": 1, "customer": 1, "region": 1, "employee": [1]}}, {"model": "contracts.contract", "pk": 239, "fields": {"number": "286-005967", "name": "Project of building", "type": "Building", "start_date": "1972-09-21", "end_date": "2019-10-23", "description": "Slbas, walls and foundation", "address": 1, "customer": 1, "region": 1, "employee": [1]}}, {"model": "contracts.contract", "pk": 240, "fields": {"number": "286-005971", "name": "Project of building", "type": "Building", "start_date": "1972-09-21", "end_date": "2019-10-23", "description": "Slbas, walls and foundation", "address": 1, "customer": 1, "region": 1, "employee": [1]}}, {"model": "contracts.contract", "pk": 241, "fields": {"number": "286-005973", "name": "Project of building", "type": "Building", "start_date": "1972-09-21", "end_date": "2019-10-23", "description": "Slbas, walls and foundation", "address": 1, "customer": 1, "region": 1, "employee": [1]}}, {"model": "contracts.contract", "pk": 242, "fields": {"number": "286-005977", "name": "Project of building", "type": "Building", "start_date": "1972-09-21", "end_date": "2019-10-23", "description": "Slbas, walls and foundation", "address": 1, "customer": 1, "region": 1, "employee": [1]}}, {"model": "contracts.contract", "pk": 243, "fields": {"number": "286-005469", "name": "Project of building", "type": "Building", "start_date": "1972-09-21", "end_date": "2019-10-23", "description": "Slbas, walls and foundation", "address": 1, "customer": 1, "region": 1, "employee": [1]}}, {"model": "contracts.contract", "pk": 244, "fields": {"number": "286-005486", "name": "Project of building", "type": "Building", "start_date": "1972-09-21", "end_date": "2019-10-23", "description": "Slbas, walls and foundation", "address": 1, "customer": 1, "region": 1, "employee": [1]}}, {"model": "contracts.contract", "pk": 245, "fields": {"number": "286-006001", "name": "Project of building", "type": "Building", "start_date": "1972-09-21", "end_date": "2019-10-23", "description": "Slbas, walls and foundation", "address": 1, "customer": 1, "region": 1, "employee": [1]}}, {"model": "contracts.contract", "pk": 246, "fields": {"number": "286-006515", "name": "Project of building", "type": "Building", "start_date": "1972-09-21", "end_date": "2019-10-23", "description": "Slbas, walls and foundation", "address": 1, "customer": 1, "region": 1, "employee": [1]}}, {"model": "contracts.contract", "pk": 247, "fields": {"number": "286-006012", "name": "Project of building", "type": "Building", "start_date": "1972-09-21", "end_date": "2019-10-23", "description": "Slbas, walls and foundation", "address": 1, "customer": 1, "region": 1, "employee": [1]}}, {"model": "contracts.contract", "pk": 248, "fields": {"number": "286-005501", "name": "Project of building", "type": "Building", "start_date": "1972-09-21", "end_date": "2019-10-23", "description": "Slbas, walls and foundation", "address": 1, "customer": 1, "region": 1, "employee": [1]}}, {"model": "contracts.contract", "pk": 249, "fields": {"number": "286-006020", "name": "Project of building", "type": "Building", "start_date": "1972-09-21", "end_date": "2019-10-23", "description": "Slbas, walls and foundation", "address": 1, "customer": 1, "region": 1, "employee": [1]}}, {"model": "contracts.contract", "pk": 250, "fields": {"number": "286-006536", "name": "Project of building", "type": "Building", "start_date": "1972-09-21", "end_date": "2019-10-23", "description": "Slbas, walls and foundation", "address": 1, "customer": 1, "region": 1, "employee": [1]}}, {"model": "contracts.contract", "pk": 251, "fields": {"number": "286-006029", "name": "Project of building", "type": "Building", "start_date": "1972-09-21", "end_date": "2019-10-23", "description": "Slbas, walls and foundation", "address": 1, "customer": 1, "region": 1, "employee": [1]}}, {"model": "contracts.contract", "pk": 252, "fields": {"number": "286-005007", "name": "Project of building", "type": "Building", "start_date": "1972-09-21", "end_date": "2019-10-23", "description": "Slbas, walls and foundation", "address": 1, "customer": 1, "region": 1, "employee": [1]}}, {"model": "contracts.contract", "pk": 253, "fields": {"number": "286-006033", "name": "Project of building", "type": "Building", "start_date": "1972-09-21", "end_date": "2019-10-23", "description": "Slbas, walls and foundation", "address": 1, "customer": 1, "region": 1, "employee": [1]}}, {"model": "contracts.contract", "pk": 254, "fields": {"number": "286-005014", "name": "Project of building", "type": "Building", "start_date": "1972-09-21", "end_date": "2019-10-23", "description": "Slbas, walls and foundation", "address": 1, "customer": 1, "region": 1, "employee": [1]}}, {"model": "contracts.contract", "pk": 255, "fields": {"number": "286-005530", "name": "Project of building", "type": "Building", "start_date": "1972-09-21", "end_date": "2019-10-23", "description": "Slbas, walls and foundation", "address": 1, "customer": 1, "region": 1, "employee": [1]}}, {"model": "contracts.contract", "pk": 256, "fields": {"number": "286-006043", "name": "Project of building", "type": "Building", "start_date": "1972-09-21", "end_date": "2019-10-23", "description": "Slbas, walls and foundation", "address": 1, "customer": 1, "region": 1, "employee": [1]}}, {"model": "contracts.contract", "pk": 257, "fields": {"number": "286-005026", "name": "Project of building", "type": "Building", "start_date": "1972-09-21", "end_date": "2019-10-23", "description": "Slbas, walls and foundation", "address": 1, "customer": 1, "region": 1, "employee": [1]}}, {"model": "contracts.contract", "pk": 258, "fields": {"number": "286-006052", "name": "Project of building", "type": "Building", "start_date": "1972-09-21", "end_date": "2019-10-23", "description": "Slbas, walls and foundation", "address": 1, "customer": 1, "region": 1, "employee": [1]}}, {"model": "contracts.contract", "pk": 259, "fields": {"number": "286-005028", "name": "Project of building", "type": "Building", "start_date": "1972-09-21", "end_date": "2019-10-23", "description": "Slbas, walls and foundation", "address": 1, "customer": 1, "region": 1, "employee": [1]}}, {"model": "contracts.contract", "pk": 260, "fields": {"number": "286-005558", "name": "Project of building", "type": "Building", "start_date": "1972-09-21", "end_date": "2019-10-23", "description": "Slbas, walls and foundation", "address": 1, "customer": 1, "region": 1, "employee": [1]}}, {"model": "contracts.contract", "pk": 261, "fields": {"number": "286-005048", "name": "Project of building", "type": "Building", "start_date": "1972-09-21", "end_date": "2019-10-23", "description": "Slbas, walls and foundation", "address": 1, "customer": 1, "region": 1, "employee": [1]}}, {"model": "contracts.contract", "pk": 262, "fields": {"number": "286-006594", "name": "Project of building", "type": "Building", "start_date": "1972-09-21", "end_date": "2019-10-23", "description": "Slbas, walls and foundation", "address": 1, "customer": 1, "region": 1, "employee": [1]}}, {"model": "contracts.contract", "pk": 263, "fields": {"number": "286-005574", "name": "Project of building", "type": "Building", "start_date": "1972-09-21", "end_date": "2019-10-23", "description": "Slbas, walls and foundation", "address": 1, "customer": 1, "region": 1, "employee": [1]}}, {"model": "contracts.contract", "pk": 264, "fields": {"number": "286-006602", "name": "Project of building", "type": "Building", "start_date": "1972-09-21", "end_date": "2019-10-23", "description": "Slbas, walls and foundation", "address": 1, "customer": 1, "region": 1, "employee": [1]}}, {"model": "contracts.contract", "pk": 265, "fields": {"number": "286-005069", "name": "Project of building", "type": "Building", "start_date": "1972-09-21", "end_date": "2019-10-23", "description": "Slbas, walls and foundation", "address": 1, "customer": 1, "region": 1, "employee": [1]}}, {"model": "contracts.contract", "pk": 266, "fields": {"number": "286-006094", "name": "Project of building", "type": "Building", "start_date": "1972-09-21", "end_date": "2019-10-23", "description": "Slbas, walls and foundation", "address": 1, "customer": 1, "region": 1, "employee": [1]}}, {"model": "contracts.contract", "pk": 267, "fields": {"number": "286-006100", "name": "Project of building", "type": "Building", "start_date": "1972-09-21", "end_date": "2019-10-23", "description": "Slbas, walls and foundation", "address": 1, "customer": 1, "region": 1, "employee": [1]}}, {"model": "contracts.contract", "pk": 268, "fields": {"number": "286-005083", "name": "Project of building", "type": "Building", "start_date": "1972-09-21", "end_date": "2019-10-23", "description": "Slbas, walls and foundation", "address": 1, "customer": 1, "region": 1, "employee": [1]}}, {"model": "contracts.contract", "pk": 269, "fields": {"number": "286-005087", "name": "Project of building", "type": "Building", "start_date": "1972-09-21", "end_date": "2019-10-23", "description": "Slbas, walls and foundation", "address": 1, "customer": 1, "region": 1, "employee": [1]}}, {"model": "contracts.contract", "pk": 270, "fields": {"number": "286-005611", "name": "Project of building", "type": "Building", "start_date": "1972-09-21", "end_date": "2019-10-23", "description": "Slbas, walls and foundation", "address": 1, "customer": 1, "region": 1, "employee": [1]}}, {"model": "contracts.contract", "pk": 271, "fields": {"number": "286-005101", "name": "Project of building", "type": "Building", "start_date": "1972-09-21", "end_date": "2019-10-23", "description": "Slbas, walls and foundation", "address": 1, "customer": 1, "region": 1, "employee": [1]}}, {"model": "contracts.contract", "pk": 272, "fields": {"number": "286-006132", "name": "Project of building", "type": "Building", "start_date": "1972-09-21", "end_date": "2019-10-23", "description": "Slbas, walls and foundation", "address": 1, "customer": 1, "region": 1, "employee": [1]}}, {"model": "contracts.contract", "pk": 273, "fields": {"number": "286-005116", "name": "Project of building", "type": "Building", "start_date": "1972-09-21", "end_date": "2019-10-23", "description": "Slbas, walls and foundation", "address": 1, "customer": 1, "region": 1, "employee": [1]}}, {"model": "contracts.building", "pk": 1, "fields": {"name": "WK-25", "description": "Wiadukt kolejowy", "contract": 227}}, {"model": "contracts.building", "pk": 2, "fields": {"name": "WD-30", "description": "Wiadukt drogowy", "contract": 227}}, {"model": "contracts.building", "pk": 3, "fields": {"name": "WD-35", "description": "Wiadukt drogowy", "contract": 1}}, {"model": "contracts.building", "pk": 4, "fields": {"name": "WD-20", "description": "Wiadukt drogowy", "contract": 2}}, {"model": "contracts.building", "pk": 5, "fields": {"name": "WD-5632", "description": "road viaduct", "contract": 252}}, {"model": "contracts.building", "pk": 6, "fields": {"name": "WD-5128", "description": "road viaduct", "contract": 254}}, {"model": "contracts.building", "pk": 7, "fields": {"name": "WD-5640", "description": "road viaduct", "contract": 257}}, {"model": "contracts.building", "pk": 8, "fields": {"name": "WD-5649", "description": "road viaduct", "contract": 259}}, {"model": "contracts.building", "pk": 9, "fields": {"name": "WD-6168", "description": "road viaduct", "contract": 261}}, {"model": "contracts.building", "pk": 10, "fields": {"name": "WD-5659", "description": "road viaduct", "contract": 265}}, {"model": "contracts.building", "pk": 11, "fields": {"name": "WD-5662", "description": "road viaduct", "contract": 268}}, {"model": "contracts.building", "pk": 12, "fields": {"name": "WD-5152", "description": "road viaduct", "contract": 269}}, {"model": "contracts.building", "pk": 13, "fields": {"name": "WD-6707", "description": "road viaduct", "contract": 271}}, {"model": "contracts.building", "pk": 14, "fields": {"name": "WD-5171", "description": "road viaduct", "contract": 273}}, {"model": "contracts.building", "pk": 15, "fields": {"name": "WD-6709", "description": "road viaduct", "contract": 180}}, {"model": "contracts.building", "pk": 16, "fields": {"name": "WD-6210", "description": "road viaduct", "contract": 188}}, {"model": "contracts.building", "pk": 17, "fields": {"name": "WD-5187", "description": "road viaduct", "contract": 191}}, {"model": "contracts.building", "pk": 18, "fields": {"name": "WD-5707", "description": "road viaduct", "contract": 192}}, {"model": "contracts.building", "pk": 19, "fields": {"name": "WD-5709", "description": "road viaduct", "contract": 195}}, {"model": "contracts.building", "pk": 20, "fields": {"name": "WD-6226", "description": "road viaduct", "contract": 201}}, {"model": "contracts.building", "pk": 21, "fields": {"name": "WD-6742", "description": "road viaduct", "contract": 205}}, {"model": "contracts.building", "pk": 22, "fields": {"name": "WD-6230", "description": "road viaduct", "contract": 206}}, {"model": "contracts.building", "pk": 23, "fields": {"name": "WD-5722", "description": "road viaduct", "contract": 207}}, {"model": "contracts.building", "pk": 24, "fields": {"name": "WD-6235", "description": "road viaduct", "contract": 212}}, {"model": "contracts.building", "pk": 25, "fields": {"name": "WD-6754", "description": "road viaduct", "contract": 213}}, {"model": "contracts.building", "pk": 26, "fields": {"name": "WD-6766", "description": "road viaduct", "contract": 220}}, {"model": "contracts.building", "pk": 27, "fields": {"name": "WD-5753", "description": "road viaduct", "contract": 230}}, {"model": "contracts.building", "pk": 28, "fields": {"name": "WD-6778", "description": "road viaduct", "contract": 233}}, {"model": "contracts.building", "pk": 29, "fields": {"name": "WD-6777", "description": "road viaduct", "contract": 234}}, {"model": "contracts.building", "pk": 30, "fields": {"name": "WD-5765", "description": "road viaduct", "contract": 243}}, {"model": "contracts.building", "pk": 31, "fields": {"name": "WD-6791", "description": "road viaduct", "contract": 244}}, {"model": "contracts.building", "pk": 32, "fields": {"name": "WD-5771", "description": "road viaduct", "contract": 248}}, {"model": "contracts.building", "pk": 33, "fields": {"name": "WD-6284", "description": "road viaduct", "contract": 255}}, {"model": "contracts.building", "pk": 34, "fields": {"name": "WD-6797", "description": "road viaduct", "contract": 260}}, {"model": "contracts.building", "pk": 35, "fields": {"name": "WD-5268", "description": "road viaduct", "contract": 263}}, {"model": "contracts.building", "pk": 36, "fields": {"name": "WD-6806", "description": "road viaduct", "contract": 270}}, {"model": "contracts.building", "pk": 37, "fields": {"name": "WD-6299", "description": "road viaduct", "contract": 181}}, {"model": "contracts.building", "pk": 38, "fields": {"name": "WD-5280", "description": "road viaduct", "contract": 183}}, {"model": "contracts.building", "pk": 39, "fields": {"name": "WD-5287", "description": "road viaduct", "contract": 185}}, {"model": "contracts.building", "pk": 40, "fields": {"name": "WD-5291", "description": "road viaduct", "contract": 196}}, {"model": "contracts.building", "pk": 41, "fields": {"name": "WD-5293", "description": "road viaduct", "contract": 198}}, {"model": "contracts.building", "pk": 42, "fields": {"name": "WD-5300", "description": "road viaduct", "contract": 200}}, {"model": "contracts.building", "pk": 43, "fields": {"name": "WD-5824", "description": "road viaduct", "contract": 204}}, {"model": "contracts.building", "pk": 44, "fields": {"name": "WD-5834", "description": "road viaduct", "contract": 208}}, {"model": "contracts.building", "pk": 45, "fields": {"name": "WD-5326", "description": "road viaduct", "contract": 210}}, {"model": "contracts.building", "pk": 46, "fields": {"name": "WD-6863", "description": "road viaduct", "contract": 211}}, {"model": "contracts.building", "pk": 47, "fields": {"name": "WD-6871", "description": "road viaduct", "contract": 216}}, {"model": "contracts.building", "pk": 48, "fields": {"name": "WD-6875", "description": "road viaduct", "contract": 222}}, {"model": "contracts.building", "pk": 49, "fields": {"name": "WD-6369", "description": "road viaduct", "contract": 225}}, {"model": "contracts.building", "pk": 50, "fields": {"name": "WD-5860", "description": "road viaduct", "contract": 226}}, {"model": "contracts.building", "pk": 51, "fields": {"name": "WD-6376", "description": "road viaduct", "contract": 229}}, {"model": "contracts.building", "pk": 52, "fields": {"name": "WD-5867", "description": "road viaduct", "contract": 231}}, {"model": "contracts.building", "pk": 53, "fields": {"name": "WD-6381", "description": "road viaduct", "contract": 232}}, {"model": "contracts.building", "pk": 54, "fields": {"name": "WD-5871", "description": "road viaduct", "contract": 236}}, {"model": "contracts.building", "pk": 55, "fields": {"name": "WD-5880", "description": "road viaduct", "contract": 237}}, {"model": "contracts.building", "pk": 56, "fields": {"name": "WD-5889", "description": "road viaduct", "contract": 238}}, {"model": "contracts.building", "pk": 57, "fields": {"name": "WD-5378", "description": "road viaduct", "contract": 239}}, {"model": "contracts.building", "pk": 58, "fields": {"name": "WD-5895", "description": "road viaduct", "contract": 240}}, {"model": "contracts.building", "pk": 59, "fields": {"name": "WD-6920", "description": "road viaduct", "contract": 241}}, {"model": "contracts.building", "pk": 60, "fields": {"name": "WD-5385", "description": "road viaduct", "contract": 242}}, {"model": "contracts.building", "pk": 61, "fields": {"name": "WD-6415", "description": "road viaduct", "contract": 245}}, {"model": "contracts.building", "pk": 62, "fields": {"name": "WD-5904", "description": "road viaduct", "contract": 247}}, {"model": "contracts.building", "pk": 63, "fields": {"name": "WD-6441", "description": "road viaduct", "contract": 249}}, {"model": "contracts.building", "pk": 64, "fields": {"name": "WD-6954", "description": "road viaduct", "contract": 251}}, {"model": "contracts.building", "pk": 65, "fields": {"name": "WD-5419", "description": "road viaduct", "contract": 253}}, {"model": "contracts.building", "pk": 66, "fields": {"name": "WD-5942", "description": "road viaduct", "contract": 256}}, {"model": "contracts.building", "pk": 67, "fields": {"name": "WD-5433", "description": "road viaduct", "contract": 258}}, {"model": "contracts.building", "pk": 68, "fields": {"name": "WD-6462", "description": "road viaduct", "contract": 266}}, {"model": "contracts.building", "pk": 69, "fields": {"name": "WD-6466", "description": "road viaduct", "contract": 267}}, {"model": "contracts.building", "pk": 70, "fields": {"name": "WD-5971", "description": "road viaduct", "contract": 272}}, {"model": "contracts.building", "pk": 71, "fields": {"name": "WD-6996", "description": "road viaduct", "contract": 174}}, {"model": "contracts.building", "pk": 72, "fields": {"name": "WD-6483", "description": "road viaduct", "contract": 176}}, {"model": "contracts.building", "pk": 73, "fields": {"name": "WD-5469", "description": "road viaduct", "contract": 177}}, {"model": "contracts.building", "pk": 74, "fields": {"name": "WD-6496", "description": "road viaduct", "contract": 179}}, {"model": "contracts.building", "pk": 75, "fields": {"name": "WD-5472", "description": "road viaduct", "contract": 184}}, {"model": "contracts.building", "pk": 76, "fields": {"name": "WD-6498", "description": "road viaduct", "contract": 187}}, {"model": "contracts.building", "pk": 77, "fields": {"name": "WD-5995", "description": "road viaduct", "contract": 189}}, {"model": "contracts.building", "pk": 78, "fields": {"name": "WD-6005", "description": "road viaduct", "contract": 190}}, {"model": "contracts.building", "pk": 79, "fields": {"name": "WD-5515", "description": "road viaduct", "contract": 193}}, {"model": "contracts.building", "pk": 80, "fields": {"name": "WD-5006", "description": "road viaduct", "contract": 194}}, {"model": "contracts.building", "pk": 81, "fields": {"name": "WD-5008", "description": "road viaduct", "contract": 202}}, {"model": "contracts.building", "pk": 82, "fields": {"name": "WD-5521", "description": "road viaduct", "contract": 203}}, {"model": "contracts.building", "pk": 83, "fields": {"name": "WD-5021", "description": "road viaduct", "contract": 214}}, {"model": "contracts.building", "pk": 84, "fields": {"name": "WD-6052", "description": "road viaduct", "contract": 215}}, {"model": "contracts.building", "pk": 85, "fields": {"name": "WD-6055", "description": "road viaduct", "contract": 218}}, {"model": "contracts.building", "pk": 86, "fields": {"name": "WD-6568", "description": "road viaduct", "contract": 223}}, {"model": "contracts.building", "pk": 87, "fields": {"name": "WD-6569", "description": "road viaduct", "contract": 228}}, {"model": "contracts.building", "pk": 88, "fields": {"name": "WD-5545", "description": "road viaduct", "contract": 235}}, {"model": "contracts.building", "pk": 89, "fields": {"name": "WD-5547", "description": "road viaduct", "contract": 246}}, {"model": "contracts.building", "pk": 90, "fields": {"name": "WD-6060", "description": "road viaduct", "contract": 250}}, {"model": "contracts.building", "pk": 91, "fields": {"name": "WD-5543", "description": "road viaduct", "contract": 262}}, {"model": "contracts.building", "pk": 92, "fields": {"name": "WD-6062", "description": "road viaduct", "contract": 264}}, {"model": "contracts.building", "pk": 93, "fields": {"name": "WD-5555", "description": "road viaduct", "contract": 175}}, {"model": "contracts.building", "pk": 94, "fields": {"name": "WD-6070", "description": "road viaduct", "contract": 178}}, {"model": "contracts.building", "pk": 95, "fields": {"name": "WD-6593", "description": "road viaduct", "contract": 182}}, {"model": "contracts.building", "pk": 96, "fields": {"name": "WD-5570", "description": "road viaduct", "contract": 186}}, {"model": "contracts.building", "pk": 97, "fields": {"name": "WD-6598", "description": "road viaduct", "contract": 197}}, {"model": "contracts.building", "pk": 98, "fields": {"name": "WD-5068", "description": "road viaduct", "contract": 199}}, {"model": "contracts.building", "pk": 99, "fields": {"name": "WD-5587", "description": "road viaduct", "contract": 209}}, {"model": "contracts.building", "pk": 100, "fields": {"name": "WD-5078", "description": "road viaduct", "contract": 217}}, {"model": "contracts.building", "pk": 101, "fields": {"name": "WD-5082", "description": "road viaduct", "contract": 219}}, {"model": "contracts.building", "pk": 102, "fields": {"name": "WD-6109", "description": "road viaduct", "contract": 221}}, {"model": "contracts.building", "pk": 103, "fields": {"name": "WD-5096", "description": "road viaduct", "contract": 224}}, {"model": "contracts.building", "pk": 104, "fields": {"name": "WD-6137", "description": "road viaduct", "contract": 227}}, {"model": "contracts.building", "pk": 105, "fields": {"name": "WD-0", "description": "road viaduct", "contract": 252}}, {"model": "contracts.building", "pk": 106, "fields": {"name": "WD-1", "description": "road viaduct", "contract": 254}}, {"model": "contracts.building", "pk": 107, "fields": {"name": "WD-2", "description": "road viaduct", "contract": 257}}, {"model": "contracts.building", "pk": 108, "fields": {"name": "WD-3", "description": "road viaduct", "contract": 259}}, {"model": "contracts.building", "pk": 109, "fields": {"name": "WD-4", "description": "road viaduct", "contract": 261}}, {"model": "contracts.building", "pk": 110, "fields": {"name": "WD-5", "description": "road viaduct", "contract": 265}}, {"model": "contracts.building", "pk": 111, "fields": {"name": "WD-6", "description": "road viaduct", "contract": 268}}, {"model": "contracts.building", "pk": 112, "fields": {"name": "WD-7", "description": "road viaduct", "contract": 269}}, {"model": "contracts.building", "pk": 113, "fields": {"name": "WD-8", "description": "road viaduct", "contract": 271}}, {"model": "contracts.building", "pk": 114, "fields": {"name": "WD-9", "description": "road viaduct", "contract": 273}}, {"model": "contracts.building", "pk": 115, "fields": {"name": "WD-10", "description": "road viaduct", "contract": 180}}, {"model": "contracts.building", "pk": 116, "fields": {"name": "WD-11", "description": "road viaduct", "contract": 188}}, {"model": "contracts.building", "pk": 117, "fields": {"name": "WD-12", "description": "road viaduct", "contract": 191}}, {"model": "contracts.building", "pk": 118, "fields": {"name": "WD-13", "description": "road viaduct", "contract": 192}}, {"model": "contracts.building", "pk": 119, "fields": {"name": "WD-14", "description": "road viaduct", "contract": 195}}, {"model": "contracts.building", "pk": 120, "fields": {"name": "WD-15", "description": "road viaduct", "contract": 201}}, {"model": "contracts.building", "pk": 121, "fields": {"name": "WD-16", "description": "road viaduct", "contract": 205}}, {"model": "contracts.building", "pk": 122, "fields": {"name": "WD-17", "description": "road viaduct", "contract": 206}}, {"model": "contracts.building", "pk": 123, "fields": {"name": "WD-18", "description": "road viaduct", "contract": 207}}, {"model": "contracts.building", "pk": 124, "fields": {"name": "WD-19", "description": "road viaduct", "contract": 212}}, {"model": "contracts.building", "pk": 125, "fields": {"name": "WD-20", "description": "road viaduct", "contract": 213}}, {"model": "contracts.building", "pk": 126, "fields": {"name": "WD-21", "description": "road viaduct", "contract": 220}}, {"model": "contracts.building", "pk": 127, "fields": {"name": "WD-22", "description": "road viaduct", "contract": 230}}, {"model": "contracts.building", "pk": 128, "fields": {"name": "WD-23", "description": "road viaduct", "contract": 233}}, {"model": "contracts.building", "pk": 129, "fields": {"name": "WD-24", "description": "road viaduct", "contract": 234}}, {"model": "contracts.building", "pk": 130, "fields": {"name": "WD-25", "description": "road viaduct", "contract": 243}}, {"model": "contracts.building", "pk": 131, "fields": {"name": "WD-26", "description": "road viaduct", "contract": 244}}, {"model": "contracts.building", "pk": 132, "fields": {"name": "WD-27", "description": "road viaduct", "contract": 248}}, {"model": "contracts.building", "pk": 133, "fields": {"name": "WD-28", "description": "road viaduct", "contract": 255}}, {"model": "contracts.building", "pk": 134, "fields": {"name": "WD-29", "description": "road viaduct", "contract": 260}}, {"model": "contracts.building", "pk": 135, "fields": {"name": "WD-30", "description": "road viaduct", "contract": 263}}, {"model": "contracts.building", "pk": 136, "fields": {"name": "WD-31", "description": "road viaduct", "contract": 270}}, {"model": "contracts.building", "pk": 137, "fields": {"name": "WD-32", "description": "road viaduct", "contract": 181}}, {"model": "contracts.building", "pk": 138, "fields": {"name": "WD-33", "description": "road viaduct", "contract": 183}}, {"model": "contracts.building", "pk": 139, "fields": {"name": "WD-34", "description": "road viaduct", "contract": 185}}, {"model": "contracts.building", "pk": 140, "fields": {"name": "WD-35", "description": "road viaduct", "contract": 196}}, {"model": "contracts.building", "pk": 141, "fields": {"name": "WD-36", "description": "road viaduct", "contract": 198}}, {"model": "contracts.building", "pk": 142, "fields": {"name": "WD-37", "description": "road viaduct", "contract": 200}}, {"model": "contracts.building", "pk": 143, "fields": {"name": "WD-38", "description": "road viaduct", "contract": 204}}, {"model": "contracts.building", "pk": 144, "fields": {"name": "WD-39", "description": "road viaduct", "contract": 208}}, {"model": "contracts.building", "pk": 145, "fields": {"name": "WD-40", "description": "road viaduct", "contract": 210}}, {"model": "contracts.building", "pk": 146, "fields": {"name": "WD-41", "description": "road viaduct", "contract": 211}}, {"model": "contracts.building", "pk": 147, "fields": {"name": "WD-42", "description": "road viaduct", "contract": 216}}, {"model": "contracts.building", "pk": 148, "fields": {"name": "WD-43", "description": "road viaduct", "contract": 222}}, {"model": "contracts.building", "pk": 149, "fields": {"name": "WD-44", "description": "road viaduct", "contract": 225}}, {"model": "contracts.building", "pk": 150, "fields": {"name": "WD-45", "description": "road viaduct", "contract": 226}}, {"model": "contracts.building", "pk": 151, "fields": {"name": "WD-46", "description": "road viaduct", "contract": 229}}, {"model": "contracts.building", "pk": 152, "fields": {"name": "WD-47", "description": "road viaduct", "contract": 231}}, {"model": "contracts.building", "pk": 153, "fields": {"name": "WD-48", "description": "road viaduct", "contract": 232}}, {"model": "contracts.building", "pk": 154, "fields": {"name": "WD-49", "description": "road viaduct", "contract": 236}}, {"model": "contracts.building", "pk": 155, "fields": {"name": "WD-50", "description": "road viaduct", "contract": 237}}, {"model": "contracts.building", "pk": 156, "fields": {"name": "WD-51", "description": "road viaduct", "contract": 238}}, {"model": "contracts.building", "pk": 157, "fields": {"name": "WD-52", "description": "road viaduct", "contract": 239}}, {"model": "contracts.building", "pk": 158, "fields": {"name": "WD-53", "description": "road viaduct", "contract": 240}}, {"model": "contracts.building", "pk": 159, "fields": {"name": "WD-54", "description": "road viaduct", "contract": 241}}, {"model": "contracts.building", "pk": 160, "fields": {"name": "WD-55", "description": "road viaduct", "contract": 242}}, {"model": "contracts.building", "pk": 161, "fields": {"name": "WD-56", "description": "road viaduct", "contract": 245}}, {"model": "contracts.building", "pk": 162, "fields": {"name": "WD-57", "description": "road viaduct", "contract": 247}}, {"model": "contracts.building", "pk": 163, "fields": {"name": "WD-58", "description": "road viaduct", "contract": 249}}, {"model": "contracts.building", "pk": 164, "fields": {"name": "WD-59", "description": "road viaduct", "contract": 251}}, {"model": "contracts.building", "pk": 165, "fields": {"name": "WD-60", "description": "road viaduct", "contract": 253}}, {"model": "contracts.building", "pk": 166, "fields": {"name": "WD-61", "description": "road viaduct", "contract": 256}}, {"model": "contracts.building", "pk": 167, "fields": {"name": "WD-62", "description": "road viaduct", "contract": 258}}, {"model": "contracts.building", "pk": 168, "fields": {"name": "WD-63", "description": "road viaduct", "contract": 266}}, {"model": "contracts.building", "pk": 169, "fields": {"name": "WD-64", "description": "road viaduct", "contract": 267}}, {"model": "contracts.building", "pk": 170, "fields": {"name": "WD-65", "description": "road viaduct", "contract": 272}}, {"model": "contracts.building", "pk": 171, "fields": {"name": "WD-66", "description": "road viaduct", "contract": 174}}, {"model": "contracts.building", "pk": 172, "fields": {"name": "WD-67", "description": "road viaduct", "contract": 176}}, {"model": "contracts.building", "pk": 173, "fields": {"name": "WD-68", "description": "road viaduct", "contract": 177}}, {"model": "contracts.building", "pk": 174, "fields": {"name": "WD-69", "description": "road viaduct", "contract": 179}}, {"model": "contracts.building", "pk": 175, "fields": {"name": "WD-70", "description": "road viaduct", "contract": 184}}, {"model": "contracts.building", "pk": 176, "fields": {"name": "WD-71", "description": "road viaduct", "contract": 187}}, {"model": "contracts.building", "pk": 177, "fields": {"name": "WD-72", "description": "road viaduct", "contract": 189}}, {"model": "contracts.building", "pk": 178, "fields": {"name": "WD-73", "description": "road viaduct", "contract": 190}}, {"model": "contracts.building", "pk": 179, "fields": {"name": "WD-74", "description": "road viaduct", "contract": 193}}, {"model": "contracts.building", "pk": 180, "fields": {"name": "WD-75", "description": "road viaduct", "contract": 194}}, {"model": "contracts.building", "pk": 181, "fields": {"name": "WD-76", "description": "road viaduct", "contract": 202}}, {"model": "contracts.building", "pk": 182, "fields": {"name": "WD-77", "description": "road viaduct", "contract": 203}}, {"model": "contracts.building", "pk": 183, "fields": {"name": "WD-78", "description": "road viaduct", "contract": 214}}, {"model": "contracts.building", "pk": 184, "fields": {"name": "WD-79", "description": "road viaduct", "contract": 215}}, {"model": "contracts.building", "pk": 185, "fields": {"name": "WD-80", "description": "road viaduct", "contract": 218}}, {"model": "contracts.building", "pk": 186, "fields": {"name": "WD-81", "description": "road viaduct", "contract": 223}}, {"model": "contracts.building", "pk": 187, "fields": {"name": "WD-82", "description": "road viaduct", "contract": 228}}, {"model": "contracts.building", "pk": 188, "fields": {"name": "WD-83", "description": "road viaduct", "contract": 235}}, {"model": "contracts.building", "pk": 189, "fields": {"name": "WD-84", "description": "road viaduct", "contract": 246}}, {"model": "contracts.building", "pk": 190, "fields": {"name": "WD-85", "description": "road viaduct", "contract": 250}}, {"model": "contracts.building", "pk": 191, "fields": {"name": "WD-86", "description": "road viaduct", "contract": 262}}, {"model": "contracts.building", "pk": 192, "fields": {"name": "WD-87", "description": "road viaduct", "contract": 264}}, {"model": "contracts.building", "pk": 193, "fields": {"name": "WD-88", "description": "road viaduct", "contract": 175}}, {"model": "contracts.building", "pk": 194, "fields": {"name": "WD-89", "description": "road viaduct", "contract": 178}}, {"model": "contracts.building", "pk": 195, "fields": {"name": "WD-90", "description": "road viaduct", "contract": 182}}, {"model": "contracts.building", "pk": 196, "fields": {"name": "WD-91", "description": "road viaduct", "contract": 186}}, {"model": "contracts.building", "pk": 197, "fields": {"name": "WD-92", "description": "road viaduct", "contract": 197}}, {"model": "contracts.building", "pk": 198, "fields": {"name": "WD-93", "description": "road viaduct", "contract": 199}}, {"model": "contracts.building", "pk": 199, "fields": {"name": "WD-94", "description": "road viaduct", "contract": 209}}, {"model": "contracts.building", "pk": 200, "fields": {"name": "WD-95", "description": "road viaduct", "contract": 217}}, {"model": "contracts.building", "pk": 201, "fields": {"name": "WD-96", "description": "road viaduct", "contract": 219}}, {"model": "contracts.building", "pk": 202, "fields": {"name": "WD-97", "description": "road viaduct", "contract": 221}}, {"model": "contracts.building", "pk": 203, "fields": {"name": "WD-98", "description": "road viaduct", "contract": 224}}, {"model": "contracts.building", "pk": 204, "fields": {"name": "WD-99", "description": "road viaduct", "contract": 227}}, {"model": "contracts.drawing", "pk": 1, "fields": {"number": "1001", "element": "Fundamenty", "revision": "", "creation_date": "2021-08-07T09:10:01.542Z", "modification_date": null, "technician": 1, "building": 1, "contract": 2}}, {"model": "contracts.drawing", "pk": 2, "fields": {"number": "1002", "element": "Fundamenty", "revision": "", "creation_date": "2021-08-07T09:14:34.447Z", "modification_date": null, "technician": 1, "building": 1, "contract": 2}}, {"model": "contracts.drawing", "pk": 3, "fields": {"number": "1001", "element": "Fundamenty", "revision": "", "creation_date": "2021-08-07T09:15:52.683Z", "modification_date": null, "technician": 2, "building": 2, "contract": 1}}, {"model": "contracts.drawing", "pk": 4, "fields": {"number": "1002", "element": "Fundamenty", "revision": "", "creation_date": "2021-08-07T09:16:51.819Z", "modification_date": null, "technician": 2, "building": 2, "contract": 1}}, {"model": "contracts.drawing", "pk": 5, "fields": {"number": "1001", "element": "Fundamenty", "revision": "", "creation_date": "2021-08-07T09:17:28.986Z", "modification_date": null, "technician": 2, "building": 3, "contract": 1}}, {"model": "contracts.drawing", "pk": 6, "fields": {"number": "1002", "element": "Fundamenty", "revision": "", "creation_date": "2021-08-07T09:17:47.342Z", "modification_date": null, "technician": 2, "building": 1, "contract": 1}}, {"model": "contracts.drawing", "pk": 7, "fields": {"number": "1001", "element": "Fundamenty", "revision": "", "creation_date": "2021-08-07T09:18:04.709Z", "modification_date": null, "technician": 1, "building": 4, "contract": 2}}, {"model": "contracts.drawing", "pk": 8, "fields": {"number": "1002", "element": "Fundamenty", "revision": "", "creation_date": "2021-08-07T09:18:43.766Z", "modification_date": null, "technician": 1, "building": 1, "contract": 2}}, {"model": "contracts.drawing", "pk": 9, "fields": {"number": "1000", "element": "element_of_building1", "revision": "a", "creation_date": "2021-08-29T16:12:57.086Z", "modification_date": "1996-04-08T02:11:04Z", "technician": 1, "building": 5, "contract": 252}}, {"model": "contracts.drawing", "pk": 10, "fields": {"number": "1001", "element": "element_of_building2", "revision": "a", "creation_date": "2021-08-29T16:12:57.090Z", "modification_date": "1996-04-08T02:11:04Z", "technician": 1, "building": 5, "contract": 252}}, {"model": "contracts.drawing", "pk": 11, "fields": {"number": "1000", "element": "element_of_building1", "revision": "a", "creation_date": "2021-08-29T16:12:57.095Z", "modification_date": "1996-04-08T02:11:04Z", "technician": 1, "building": 6, "contract": 254}}, {"model": "contracts.drawing", "pk": 12, "fields": {"number": "1001", "element": "element_of_building2", "revision": "a", "creation_date": "2021-08-29T16:12:57.097Z", "modification_date": "1996-04-08T02:11:04Z", "technician": 1, "building": 6, "contract": 254}}, {"model": "contracts.drawing", "pk": 13, "fields": {"number": "1000", "element": "element_of_building1", "revision": "a", "creation_date": "2021-08-29T16:12:57.101Z", "modification_date": "1996-04-08T02:11:04Z", "technician": 1, "building": 3, "contract": 1}}, {"model": "contracts.drawing", "pk": 14, "fields": {"number": "1001", "element": "element_of_building2", "revision": "a", "creation_date": "2021-08-29T16:12:57.103Z", "modification_date": "1996-04-08T02:11:04Z", "technician": 1, "building": 3, "contract": 1}}, {"model": "contracts.drawing", "pk": 15, "fields": {"number": "1000", "element": "element_of_building1", "revision": "a", "creation_date": "2021-08-29T16:12:57.107Z", "modification_date": "1996-04-08T02:11:04Z", "technician": 1, "building": 4, "contract": 2}}, {"model": "contracts.drawing", "pk": 16, "fields": {"number": "1001", "element": "element_of_building2", "revision": "a", "creation_date": "2021-08-29T16:12:57.108Z", "modification_date": "1996-04-08T02:11:04Z", "technician": 1, "building": 4, "contract": 2}}, {"model": "contracts.drawing", "pk": 17, "fields": {"number": "1000", "element": "element_of_building1", "revision": "a", "creation_date": "2021-08-29T16:12:57.111Z", "modification_date": "1996-04-08T02:11:04Z", "technician": 1, "building": 7, "contract": 257}}, {"model": "contracts.drawing", "pk": 18, "fields": {"number": "1001", "element": "element_of_building2", "revision": "a", "creation_date": "2021-08-29T16:12:57.112Z", "modification_date": "1996-04-08T02:11:04Z", "technician": 1, "building": 7, "contract": 257}}, {"model": "contracts.drawing", "pk": 19, "fields": {"number": "1000", "element": "element_of_building1", "revision": "a", "creation_date": "2021-08-29T16:12:57.116Z", "modification_date": "1996-04-08T02:11:04Z", "technician": 1, "building": 8, "contract": 259}}, {"model": "contracts.drawing", "pk": 20, "fields": {"number": "1001", "element": "element_of_building2", "revision": "a", "creation_date": "2021-08-29T16:12:57.117Z", "modification_date": "1996-04-08T02:11:04Z", "technician": 1, "building": 8, "contract": 259}}, {"model": "contracts.drawing", "pk": 21, "fields": {"number": "1000", "element": "element_of_building1", "revision": "a", "creation_date": "2021-08-29T16:12:57.121Z", "modification_date": "1996-04-08T02:11:04Z", "technician": 1, "building": 9, "contract": 261}}, {"model": "contracts.drawing", "pk": 22, "fields": {"number": "1001", "element": "element_of_building2", "revision": "a", "creation_date": "2021-08-29T16:12:57.123Z", "modification_date": "1996-04-08T02:11:04Z", "technician": 1, "building": 9, "contract": 261}}, {"model": "contracts.drawing", "pk": 23, "fields": {"number": "1000", "element": "element_of_building1", "revision": "a", "creation_date": "2021-08-29T16:12:57.125Z", "modification_date": "1996-04-08T02:11:04Z", "technician": 1, "building": 10, "contract": 265}}, {"model": "contracts.drawing", "pk": 24, "fields": {"number": "1001", "element": "element_of_building2", "revision": "a", "creation_date": "2021-08-29T16:12:57.127Z", "modification_date": "1996-04-08T02:11:04Z", "technician": 1, "building": 10, "contract": 265}}, {"model": "contracts.drawing", "pk": 25, "fields": {"number": "1000", "element": "element_of_building1", "revision": "a", "creation_date": "2021-08-29T16:12:57.130Z", "modification_date": "1996-04-08T02:11:04Z", "technician": 1, "building": 11, "contract": 268}}, {"model": "contracts.drawing", "pk": 26, "fields": {"number": "1001", "element": "element_of_building2", "revision": "a", "creation_date": "2021-08-29T16:12:57.131Z", "modification_date": "1996-04-08T02:11:04Z", "technician": 1, "building": 11, "contract": 268}}, {"model": "contracts.drawing", "pk": 27, "fields": {"number": "1000", "element": "element_of_building1", "revision": "a", "creation_date": "2021-08-29T16:12:57.135Z", "modification_date": "1996-04-08T02:11:04Z", "technician": 1, "building": 12, "contract": 269}}, {"model": "contracts.drawing", "pk": 28, "fields": {"number": "1001", "element": "element_of_building2", "revision": "a", "creation_date": "2021-08-29T16:12:57.137Z", "modification_date": "1996-04-08T02:11:04Z", "technician": 1, "building": 12, "contract": 269}}, {"model": "contracts.drawing", "pk": 29, "fields": {"number": "1000", "element": "element_of_building1", "revision": "a", "creation_date": "2021-08-29T16:12:57.140Z", "modification_date": "1996-04-08T02:11:04Z", "technician": 1, "building": 13, "contract": 271}}, {"model": "contracts.drawing", "pk": 30, "fields": {"number": "1001", "element": "element_of_building2", "revision": "a", "creation_date": "2021-08-29T16:12:57.141Z", "modification_date": "1996-04-08T02:11:04Z", "technician": 1, "building": 13, "contract": 271}}, {"model": "contracts.drawing", "pk": 31, "fields": {"number": "1000", "element": "element_of_building1", "revision": "a", "creation_date": "2021-08-29T16:12:57.144Z", "modification_date": "1996-04-08T02:11:04Z", "technician": 1, "building": 14, "contract": 273}}, {"model": "contracts.drawing", "pk": 32, "fields": {"number": "1001", "element": "element_of_building2", "revision": "a", "creation_date": "2021-08-29T16:12:57.145Z", "modification_date": "1996-04-08T02:11:04Z", "technician": 1, "building": 14, "contract": 273}}, {"model": "contracts.drawing", "pk": 33, "fields": {"number": "1000", "element": "element_of_building1", "revision": "a", "creation_date": "2021-08-29T16:12:57.149Z", "modification_date": "1996-04-08T02:11:04Z", "technician": 1, "building": 15, "contract": 180}}, {"model": "contracts.drawing", "pk": 34, "fields": {"number": "1001", "element": "element_of_building2", "revision": "a", "creation_date": "2021-08-29T16:12:57.150Z", "modification_date": "1996-04-08T02:11:04Z", "technician": 1, "building": 15, "contract": 180}}, {"model": "contracts.drawing", "pk": 35, "fields": {"number": "1000", "element": "element_of_building1", "revision": "a", "creation_date": "2021-08-29T16:12:57.153Z", "modification_date": "1996-04-08T02:11:04Z", "technician": 1, "building": 16, "contract": 188}}, {"model": "contracts.drawing", "pk": 36, "fields": {"number": "1001", "element": "element_of_building2", "revision": "a", "creation_date": "2021-08-29T16:12:57.155Z", "modification_date": "1996-04-08T02:11:04Z", "technician": 1, "building": 16, "contract": 188}}, {"model": "contracts.drawing", "pk": 37, "fields": {"number": "1000", "element": "element_of_building1", "revision": "a", "creation_date": "2021-08-29T16:12:57.158Z", "modification_date": "1996-04-08T02:11:04Z", "technician": 1, "building": 17, "contract": 191}}, {"model": "contracts.drawing", "pk": 38, "fields": {"number": "1001", "element": "element_of_building2", "revision": "a", "creation_date": "2021-08-29T16:12:57.159Z", "modification_date": "1996-04-08T02:11:04Z", "technician": 1, "building": 17, "contract": 191}}, {"model": "contracts.drawing", "pk": 39, "fields": {"number": "1000", "element": "element_of_building1", "revision": "a", "creation_date": "2021-08-29T16:12:57.163Z", "modification_date": "1996-04-08T02:11:04Z", "technician": 1, "building": 18, "contract": 192}}, {"model": "contracts.drawing", "pk": 40, "fields": {"number": "1001", "element": "element_of_building2", "revision": "a", "creation_date": "2021-08-29T16:12:57.163Z", "modification_date": "1996-04-08T02:11:04Z", "technician": 1, "building": 18, "contract": 192}}, {"model": "contracts.drawing", "pk": 41, "fields": {"number": "1000", "element": "element_of_building1", "revision": "a", "creation_date": "2021-08-29T16:12:57.167Z", "modification_date": "1996-04-08T02:11:04Z", "technician": 1, "building": 19, "contract": 195}}, {"model": "contracts.drawing", "pk": 42, "fields": {"number": "1001", "element": "element_of_building2", "revision": "a", "creation_date": "2021-08-29T16:12:57.168Z", "modification_date": "1996-04-08T02:11:04Z", "technician": 1, "building": 19, "contract": 195}}, {"model": "contracts.drawing", "pk": 43, "fields": {"number": "1000", "element": "element_of_building1", "revision": "a", "creation_date": "2021-08-29T16:12:57.171Z", "modification_date": "1996-04-08T02:11:04Z", "technician": 1, "building": 20, "contract": 201}}, {"model": "contracts.drawing", "pk": 44, "fields": {"number": "1001", "element": "element_of_building2", "revision": "a", "creation_date": "2021-08-29T16:12:57.172Z", "modification_date": "1996-04-08T02:11:04Z", "technician": 1, "building": 20, "contract": 201}}, {"model": "contracts.drawing", "pk": 45, "fields": {"number": "1000", "element": "element_of_building1", "revision": "a", "creation_date": "2021-08-29T16:12:57.176Z", "modification_date": "1996-04-08T02:11:04Z", "technician": 1, "building": 21, "contract": 205}}, {"model": "contracts.drawing", "pk": 46, "fields": {"number": "1001", "element": "element_of_building2", "revision": "a", "creation_date": "2021-08-29T16:12:57.177Z", "modification_date": "1996-04-08T02:11:04Z", "technician": 1, "building": 21, "contract": 205}}, {"model": "contracts.drawing", "pk": 47, "fields": {"number": "1000", "element": "element_of_building1", "revision": "a", "creation_date": "2021-08-29T16:12:57.180Z", "modification_date": "1996-04-08T02:11:04Z", "technician": 1, "building": 22, "contract": 206}}, {"model": "contracts.drawing", "pk": 48, "fields": {"number": "1001", "element": "element_of_building2", "revision": "a", "creation_date": "2021-08-29T16:12:57.181Z", "modification_date": "1996-04-08T02:11:04Z", "technician": 1, "building": 22, "contract": 206}}, {"model": "contracts.drawing", "pk": 49, "fields": {"number": "1000", "element": "element_of_building1", "revision": "a", "creation_date": "2021-08-29T16:12:57.185Z", "modification_date": "1996-04-08T02:11:04Z", "technician": 1, "building": 23, "contract": 207}}, {"model": "contracts.drawing", "pk": 50, "fields": {"number": "1001", "element": "element_of_building2", "revision": "a", "creation_date": "2021-08-29T16:12:57.186Z", "modification_date": "1996-04-08T02:11:04Z", "technician": 1, "building": 23, "contract": 207}}, {"model": "contracts.drawing", "pk": 51, "fields": {"number": "1000", "element": "element_of_building1", "revision": "a", "creation_date": "2021-08-29T16:12:57.190Z", "modification_date": "1996-04-08T02:11:04Z", "technician": 1, "building": 24, "contract": 212}}, {"model": "contracts.drawing", "pk": 52, "fields": {"number": "1001", "element": "element_of_building2", "revision": "a", "creation_date": "2021-08-29T16:12:57.191Z", "modification_date": "1996-04-08T02:11:04Z", "technician": 1, "building": 24, "contract": 212}}, {"model": "contracts.drawing", "pk": 53, "fields": {"number": "1000", "element": "element_of_building1", "revision": "a", "creation_date": "2021-08-29T16:12:57.194Z", "modification_date": "1996-04-08T02:11:04Z", "technician": 1, "building": 25, "contract": 213}}, {"model": "contracts.drawing", "pk": 54, "fields": {"number": "1001", "element": "element_of_building2", "revision": "a", "creation_date": "2021-08-29T16:12:57.196Z", "modification_date": "1996-04-08T02:11:04Z", "technician": 1, "building": 25, "contract": 213}}, {"model": "contracts.drawing", "pk": 55, "fields": {"number": "1000", "element": "element_of_building1", "revision": "a", "creation_date": "2021-08-29T16:12:57.199Z", "modification_date": "1996-04-08T02:11:04Z", "technician": 1, "building": 26, "contract": 220}}, {"model": "contracts.drawing", "pk": 56, "fields": {"number": "1001", "element": "element_of_building2", "revision": "a", "creation_date": "2021-08-29T16:12:57.200Z", "modification_date": "1996-04-08T02:11:04Z", "technician": 1, "building": 26, "contract": 220}}, {"model": "contracts.drawing", "pk": 57, "fields": {"number": "1000", "element": "element_of_building1", "revision": "a", "creation_date": "2021-08-29T16:12:57.204Z", "modification_date": "1996-04-08T02:11:04Z", "technician": 1, "building": 27, "contract": 230}}, {"model": "contracts.drawing", "pk": 58, "fields": {"number": "1001", "element": "element_of_building2", "revision": "a", "creation_date": "2021-08-29T16:12:57.205Z", "modification_date": "1996-04-08T02:11:04Z", "technician": 1, "building": 27, "contract": 230}}, {"model": "contracts.drawing", "pk": 59, "fields": {"number": "1000", "element": "element_of_building1", "revision": "a", "creation_date": "2021-08-29T16:12:57.208Z", "modification_date": "1996-04-08T02:11:04Z", "technician": 1, "building": 28, "contract": 233}}, {"model": "contracts.drawing", "pk": 60, "fields": {"number": "1001", "element": "element_of_building2", "revision": "a", "creation_date": "2021-08-29T16:12:57.209Z", "modification_date": "1996-04-08T02:11:04Z", "technician": 1, "building": 28, "contract": 233}}, {"model": "contracts.drawing", "pk": 61, "fields": {"number": "1000", "element": "element_of_building1", "revision": "a", "creation_date": "2021-08-29T16:12:57.212Z", "modification_date": "1996-04-08T02:11:04Z", "technician": 1, "building": 29, "contract": 234}}, {"model": "contracts.drawing", "pk": 62, "fields": {"number": "1001", "element": "element_of_building2", "revision": "a", "creation_date": "2021-08-29T16:12:57.213Z", "modification_date": "1996-04-08T02:11:04Z", "technician": 1, "building": 29, "contract": 234}}, {"model": "contracts.drawing", "pk": 63, "fields": {"number": "1000", "element": "element_of_building1", "revision": "a", "creation_date": "2021-08-29T16:12:57.217Z", "modification_date": "1996-04-08T02:11:04Z", "technician": 1, "building": 30, "contract": 243}}, {"model": "contracts.drawing", "pk": 64, "fields": {"number": "1001", "element": "element_of_building2", "revision": "a", "creation_date": "2021-08-29T16:12:57.218Z", "modification_date": "1996-04-08T02:11:04Z", "technician": 1, "building": 30, "contract": 243}}, {"model": "contracts.drawing", "pk": 65, "fields": {"number": "1000", "element": "element_of_building1", "revision": "a", "creation_date": "2021-08-29T16:12:57.221Z", "modification_date": "1996-04-08T02:11:04Z", "technician": 1, "building": 31, "contract": 244}}, {"model": "contracts.drawing", "pk": 66, "fields": {"number": "1001", "element": "element_of_building2", "revision": "a", "creation_date": "2021-08-29T16:12:57.222Z", "modification_date": "1996-04-08T02:11:04Z", "technician": 1, "building": 31, "contract": 244}}, {"model": "contracts.drawing", "pk": 67, "fields": {"number": "1000", "element": "element_of_building1", "revision": "a", "creation_date": "2021-08-29T16:12:57.226Z", "modification_date": "1996-04-08T02:11:04Z", "technician": 1, "building": 32, "contract": 248}}, {"model": "contracts.drawing", "pk": 68, "fields": {"number": "1001", "element": "element_of_building2", "revision": "a", "creation_date": "2021-08-29T16:12:57.228Z", "modification_date": "1996-04-08T02:11:04Z", "technician": 1, "building": 32, "contract": 248}}, {"model": "contracts.drawing", "pk": 69, "fields": {"number": "1000", "element": "element_of_building1", "revision": "a", "creation_date": "2021-08-29T16:12:57.231Z", "modification_date": "1996-04-08T02:11:04Z", "technician": 1, "building": 33, "contract": 255}}, {"model": "contracts.drawing", "pk": 70, "fields": {"number": "1001", "element": "element_of_building2", "revision": "a", "creation_date": "2021-08-29T16:12:57.232Z", "modification_date": "1996-04-08T02:11:04Z", "technician": 1, "building": 33, "contract": 255}}, {"model": "contracts.drawing", "pk": 71, "fields": {"number": "1000", "element": "element_of_building1", "revision": "a", "creation_date": "2021-08-29T16:12:57.235Z", "modification_date": "1996-04-08T02:11:04Z", "technician": 1, "building": 34, "contract": 260}}, {"model": "contracts.drawing", "pk": 72, "fields": {"number": "1001", "element": "element_of_building2", "revision": "a", "creation_date": "2021-08-29T16:12:57.237Z", "modification_date": "1996-04-08T02:11:04Z", "technician": 1, "building": 34, "contract": 260}}, {"model": "contracts.drawing", "pk": 73, "fields": {"number": "1000", "element": "element_of_building1", "revision": "a", "creation_date": "2021-08-29T16:12:57.240Z", "modification_date": "1996-04-08T02:11:04Z", "technician": 1, "building": 35, "contract": 263}}, {"model": "contracts.drawing", "pk": 74, "fields": {"number": "1001", "element": "element_of_building2", "revision": "a", "creation_date": "2021-08-29T16:12:57.241Z", "modification_date": "1996-04-08T02:11:04Z", "technician": 1, "building": 35, "contract": 263}}, {"model": "contracts.drawing", "pk": 75, "fields": {"number": "1000", "element": "element_of_building1", "revision": "a", "creation_date": "2021-08-29T16:12:57.244Z", "modification_date": "1996-04-08T02:11:04Z", "technician": 1, "building": 36, "contract": 270}}, {"model": "contracts.drawing", "pk": 76, "fields": {"number": "1001", "element": "element_of_building2", "revision": "a", "creation_date": "2021-08-29T16:12:57.246Z", "modification_date": "1996-04-08T02:11:04Z", "technician": 1, "building": 36, "contract": 270}}, {"model": "contracts.drawing", "pk": 77, "fields": {"number": "1000", "element": "element_of_building1", "revision": "a", "creation_date": "2021-08-29T16:12:57.249Z", "modification_date": "1996-04-08T02:11:04Z", "technician": 1, "building": 37, "contract": 181}}, {"model": "contracts.drawing", "pk": 78, "fields": {"number": "1001", "element": "element_of_building2", "revision": "a", "creation_date": "2021-08-29T16:12:57.250Z", "modification_date": "1996-04-08T02:11:04Z", "technician": 1, "building": 37, "contract": 181}}, {"model": "contracts.drawing", "pk": 79, "fields": {"number": "1000", "element": "element_of_building1", "revision": "a", "creation_date": "2021-08-29T16:12:57.253Z", "modification_date": "1996-04-08T02:11:04Z", "technician": 1, "building": 38, "contract": 183}}, {"model": "contracts.drawing", "pk": 80, "fields": {"number": "1001", "element": "element_of_building2", "revision": "a", "creation_date": "2021-08-29T16:12:57.255Z", "modification_date": "1996-04-08T02:11:04Z", "technician": 1, "building": 38, "contract": 183}}, {"model": "contracts.drawing", "pk": 81, "fields": {"number": "1000", "element": "element_of_building1", "revision": "a", "creation_date": "2021-08-29T16:12:57.258Z", "modification_date": "1996-04-08T02:11:04Z", "technician": 1, "building": 39, "contract": 185}}, {"model": "contracts.drawing", "pk": 82, "fields": {"number": "1001", "element": "element_of_building2", "revision": "a", "creation_date": "2021-08-29T16:12:57.259Z", "modification_date": "1996-04-08T02:11:04Z", "technician": 1, "building": 39, "contract": 185}}, {"model": "contracts.drawing", "pk": 83, "fields": {"number": "1000", "element": "element_of_building1", "revision": "a", "creation_date": "2021-08-29T16:12:57.262Z", "modification_date": "1996-04-08T02:11:04Z", "technician": 1, "building": 40, "contract": 196}}, {"model": "contracts.drawing", "pk": 84, "fields": {"number": "1001", "element": "element_of_building2", "revision": "a", "creation_date": "2021-08-29T16:12:57.263Z", "modification_date": "1996-04-08T02:11:04Z", "technician": 1, "building": 40, "contract": 196}}, {"model": "contracts.drawing", "pk": 85, "fields": {"number": "1000", "element": "element_of_building1", "revision": "a", "creation_date": "2021-08-29T16:12:57.267Z", "modification_date": "1996-04-08T02:11:04Z", "technician": 1, "building": 41, "contract": 198}}, {"model": "contracts.drawing", "pk": 86, "fields": {"number": "1001", "element": "element_of_building2", "revision": "a", "creation_date": "2021-08-29T16:12:57.268Z", "modification_date": "1996-04-08T02:11:04Z", "technician": 1, "building": 41, "contract": 198}}, {"model": "contracts.drawing", "pk": 87, "fields": {"number": "1000", "element": "element_of_building1", "revision": "a", "creation_date": "2021-08-29T16:12:57.271Z", "modification_date": "1996-04-08T02:11:04Z", "technician": 1, "building": 42, "contract": 200}}, {"model": "contracts.drawing", "pk": 88, "fields": {"number": "1001", "element": "element_of_building2", "revision": "a", "creation_date": "2021-08-29T16:12:57.273Z", "modification_date": "1996-04-08T02:11:04Z", "technician": 1, "building": 42, "contract": 200}}, {"model": "contracts.drawing", "pk": 89, "fields": {"number": "1000", "element": "element_of_building1", "revision": "a", "creation_date": "2021-08-29T16:12:57.276Z", "modification_date": "1996-04-08T02:11:04Z", "technician": 1, "building": 43, "contract": 204}}, {"model": "contracts.drawing", "pk": 90, "fields": {"number": "1001", "element": "element_of_building2", "revision": "a", "creation_date": "2021-08-29T16:12:57.277Z", "modification_date": "1996-04-08T02:11:04Z", "technician": 1, "building": 43, "contract": 204}}, {"model": "contracts.drawing", "pk": 91, "fields": {"number": "1000", "element": "element_of_building1", "revision": "a", "creation_date": "2021-08-29T16:12:57.280Z", "modification_date": "1996-04-08T02:11:04Z", "technician": 1, "building": 44, "contract": 208}}, {"model": "contracts.drawing", "pk": 92, "fields": {"number": "1001", "element": "element_of_building2", "revision": "a", "creation_date": "2021-08-29T16:12:57.281Z", "modification_date": "1996-04-08T02:11:04Z", "technician": 1, "building": 44, "contract": 208}}, {"model": "contracts.drawing", "pk": 93, "fields": {"number": "1000", "element": "element_of_building1", "revision": "a", "creation_date": "2021-08-29T16:12:57.285Z", "modification_date": "1996-04-08T02:11:04Z", "technician": 1, "building": 45, "contract": 210}}, {"model": "contracts.drawing", "pk": 94, "fields": {"number": "1001", "element": "element_of_building2", "revision": "a", "creation_date": "2021-08-29T16:12:57.286Z", "modification_date": "1996-04-08T02:11:04Z", "technician": 1, "building": 45, "contract": 210}}, {"model": "contracts.drawing", "pk": 95, "fields": {"number": "1000", "element": "element_of_building1", "revision": "a", "creation_date": "2021-08-29T16:12:57.290Z", "modification_date": "1996-04-08T02:11:04Z", "technician": 1, "building": 46, "contract": 211}}, {"model": "contracts.drawing", "pk": 96, "fields": {"number": "1001", "element": "element_of_building2", "revision": "a", "creation_date": "2021-08-29T16:12:57.292Z", "modification_date": "1996-04-08T02:11:04Z", "technician": 1, "building": 46, "contract": 211}}, {"model": "contracts.drawing", "pk": 97, "fields": {"number": "1000", "element": "element_of_building1", "revision": "a", "creation_date": "2021-08-29T16:12:57.296Z", "modification_date": "1996-04-08T02:11:04Z", "technician": 1, "building": 47, "contract": 216}}, {"model": "contracts.drawing", "pk": 98, "fields": {"number": "1001", "element": "element_of_building2", "revision": "a", "creation_date": "2021-08-29T16:12:57.297Z", "modification_date": "1996-04-08T02:11:04Z", "technician": 1, "building": 47, "contract": 216}}, {"model": "contracts.drawing", "pk": 99, "fields": {"number": "1000", "element": "element_of_building1", "revision": "a", "creation_date": "2021-08-29T16:12:57.302Z", "modification_date": "1996-04-08T02:11:04Z", "technician": 1, "building": 48, "contract": 222}}, {"model": "contracts.drawing", "pk": 100, "fields": {"number": "1001", "element": "element_of_building2", "revision": "a", "creation_date": "2021-08-29T16:12:57.303Z", "modification_date": "1996-04-08T02:11:04Z", "technician": 1, "building": 48, "contract": 222}}, {"model": "contracts.drawing", "pk": 101, "fields": {"number": "1000", "element": "element_of_building1", "revision": "a", "creation_date": "2021-08-29T16:12:57.307Z", "modification_date": "1996-04-08T02:11:04Z", "technician": 1, "building": 49, "contract": 225}}, {"model": "contracts.drawing", "pk": 102, "fields": {"number": "1001", "element": "element_of_building2", "revision": "a", "creation_date": "2021-08-29T16:12:57.309Z", "modification_date": "1996-04-08T02:11:04Z", "technician": 1, "building": 49, "contract": 225}}, {"model": "contracts.drawing", "pk": 103, "fields": {"number": "1000", "element": "element_of_building1", "revision": "a", "creation_date": "2021-08-29T16:12:57.312Z", "modification_date": "1996-04-08T02:11:04Z", "technician": 1, "building": 50, "contract": 226}}, {"model": "contracts.drawing", "pk": 104, "fields": {"number": "1001", "element": "element_of_building2", "revision": "a", "creation_date": "2021-08-29T16:12:57.313Z", "modification_date": "1996-04-08T02:11:04Z", "technician": 1, "building": 50, "contract": 226}}, {"model": "contracts.drawing", "pk": 105, "fields": {"number": "1000", "element": "element_of_building1", "revision": "a", "creation_date": "2021-08-29T16:12:57.316Z", "modification_date": "1996-04-08T02:11:04Z", "technician": 1, "building": 51, "contract": 229}}, {"model": "contracts.drawing", "pk": 106, "fields": {"number": "1001", "element": "element_of_building2", "revision": "a", "creation_date": "2021-08-29T16:12:57.317Z", "modification_date": "1996-04-08T02:11:04Z", "technician": 1, "building": 51, "contract": 229}}, {"model": "contracts.drawing", "pk": 107, "fields": {"number": "1000", "element": "element_of_building1", "revision": "a", "creation_date": "2021-08-29T16:12:57.321Z", "modification_date": "1996-04-08T02:11:04Z", "technician": 1, "building": 52, "contract": 231}}, {"model": "contracts.drawing", "pk": 108, "fields": {"number": "1001", "element": "element_of_building2", "revision": "a", "creation_date": "2021-08-29T16:12:57.322Z", "modification_date": "1996-04-08T02:11:04Z", "technician": 1, "building": 52, "contract": 231}}, {"model": "contracts.drawing", "pk": 109, "fields": {"number": "1000", "element": "element_of_building1", "revision": "a", "creation_date": "2021-08-29T16:12:57.327Z", "modification_date": "1996-04-08T02:11:04Z", "technician": 1, "building": 53, "contract": 232}}, {"model": "contracts.drawing", "pk": 110, "fields": {"number": "1001", "element": "element_of_building2", "revision": "a", "creation_date": "2021-08-29T16:12:57.327Z", "modification_date": "1996-04-08T02:11:04Z", "technician": 1, "building": 53, "contract": 232}}, {"model": "contracts.drawing", "pk": 111, "fields": {"number": "1000", "element": "element_of_building1", "revision": "a", "creation_date": "2021-08-29T16:12:57.330Z", "modification_date": "1996-04-08T02:11:04Z", "technician": 1, "building": 54, "contract": 236}}, {"model": "contracts.drawing", "pk": 112, "fields": {"number": "1001", "element": "element_of_building2", "revision": "a", "creation_date": "2021-08-29T16:12:57.332Z", "modification_date": "1996-04-08T02:11:04Z", "technician": 1, "building": 54, "contract": 236}}, {"model": "contracts.drawing", "pk": 113, "fields": {"number": "1000", "element": "element_of_building1", "revision": "a", "creation_date": "2021-08-29T16:12:57.335Z", "modification_date": "1996-04-08T02:11:04Z", "technician": 1, "building": 55, "contract": 237}}, {"model": "contracts.drawing", "pk": 114, "fields": {"number": "1001", "element": "element_of_building2", "revision": "a", "creation_date": "2021-08-29T16:12:57.337Z", "modification_date": "1996-04-08T02:11:04Z", "technician": 1, "building": 55, "contract": 237}}, {"model": "contracts.drawing", "pk": 115, "fields": {"number": "1000", "element": "element_of_building1", "revision": "a", "creation_date": "2021-08-29T16:12:57.340Z", "modification_date": "1996-04-08T02:11:04Z", "technician": 1, "building": 56, "contract": 238}}, {"model": "contracts.drawing", "pk": 116, "fields": {"number": "1001", "element": "element_of_building2", "revision": "a", "creation_date": "2021-08-29T16:12:57.341Z", "modification_date": "1996-04-08T02:11:04Z", "technician": 1, "building": 56, "contract": 238}}, {"model": "contracts.drawing", "pk": 117, "fields": {"number": "1000", "element": "element_of_building1", "revision": "a", "creation_date": "2021-08-29T16:12:57.344Z", "modification_date": "1996-04-08T02:11:04Z", "technician": 1, "building": 57, "contract": 239}}, {"model": "contracts.drawing", "pk": 118, "fields": {"number": "1001", "element": "element_of_building2", "revision": "a", "creation_date": "2021-08-29T16:12:57.346Z", "modification_date": "1996-04-08T02:11:04Z", "technician": 1, "building": 57, "contract": 239}}, {"model": "contracts.drawing", "pk": 119, "fields": {"number": "1000", "element": "element_of_building1", "revision": "a", "creation_date": "2021-08-29T16:12:57.349Z", "modification_date": "1996-04-08T02:11:04Z", "technician": 1, "building": 58, "contract": 240}}, {"model": "contracts.drawing", "pk": 120, "fields": {"number": "1001", "element": "element_of_building2", "revision": "a", "creation_date": "2021-08-29T16:12:57.350Z", "modification_date": "1996-04-08T02:11:04Z", "technician": 1, "building": 58, "contract": 240}}, {"model": "contracts.drawing", "pk": 121, "fields": {"number": "1000", "element": "element_of_building1", "revision": "a", "creation_date": "2021-08-29T16:12:57.353Z", "modification_date": "1996-04-08T02:11:04Z", "technician": 1, "building": 59, "contract": 241}}, {"model": "contracts.drawing", "pk": 122, "fields": {"number": "1001", "element": "element_of_building2", "revision": "a", "creation_date": "2021-08-29T16:12:57.354Z", "modification_date": "1996-04-08T02:11:04Z", "technician": 1, "building": 59, "contract": 241}}, {"model": "contracts.drawing", "pk": 123, "fields": {"number": "1000", "element": "element_of_building1", "revision": "a", "creation_date": "2021-08-29T16:12:57.357Z", "modification_date": "1996-04-08T02:11:04Z", "technician": 1, "building": 60, "contract": 242}}, {"model": "contracts.drawing", "pk": 124, "fields": {"number": "1001", "element": "element_of_building2", "revision": "a", "creation_date": "2021-08-29T16:12:57.359Z", "modification_date": "1996-04-08T02:11:04Z", "technician": 1, "building": 60, "contract": 242}}, {"model": "contracts.drawing", "pk": 125, "fields": {"number": "1000", "element": "element_of_building1", "revision": "a", "creation_date": "2021-08-29T16:12:57.362Z", "modification_date": "1996-04-08T02:11:04Z", "technician": 1, "building": 61, "contract": 245}}, {"model": "contracts.drawing", "pk": 126, "fields": {"number": "1001", "element": "element_of_building2", "revision": "a", "creation_date": "2021-08-29T16:12:57.363Z", "modification_date": "1996-04-08T02:11:04Z", "technician": 1, "building": 61, "contract": 245}}, {"model": "contracts.drawing", "pk": 127, "fields": {"number": "1000", "element": "element_of_building1", "revision": "a", "creation_date": "2021-08-29T16:12:57.366Z", "modification_date": "1996-04-08T02:11:04Z", "technician": 1, "building": 62, "contract": 247}}, {"model": "contracts.drawing", "pk": 128, "fields": {"number": "1001", "element": "element_of_building2", "revision": "a", "creation_date": "2021-08-29T16:12:57.368Z", "modification_date": "1996-04-08T02:11:04Z", "technician": 1, "building": 62, "contract": 247}}, {"model": "contracts.drawing", "pk": 129, "fields": {"number": "1000", "element": "element_of_building1", "revision": "a", "creation_date": "2021-08-29T16:12:57.371Z", "modification_date": "1996-04-08T02:11:04Z", "technician": 1, "building": 63, "contract": 249}}, {"model": "contracts.drawing", "pk": 130, "fields": {"number": "1001", "element": "element_of_building2", "revision": "a", "creation_date": "2021-08-29T16:12:57.372Z", "modification_date": "1996-04-08T02:11:04Z", "technician": 1, "building": 63, "contract": 249}}, {"model": "contracts.drawing", "pk": 131, "fields": {"number": "1000", "element": "element_of_building1", "revision": "a", "creation_date": "2021-08-29T16:12:57.376Z", "modification_date": "1996-04-08T02:11:04Z", "technician": 1, "building": 64, "contract": 251}}, {"model": "contracts.drawing", "pk": 132, "fields": {"number": "1001", "element": "element_of_building2", "revision": "a", "creation_date": "2021-08-29T16:12:57.377Z", "modification_date": "1996-04-08T02:11:04Z", "technician": 1, "building": 64, "contract": 251}}, {"model": "contracts.drawing", "pk": 133, "fields": {"number": "1000", "element": "element_of_building1", "revision": "a", "creation_date": "2021-08-29T16:12:57.380Z", "modification_date": "1996-04-08T02:11:04Z", "technician": 1, "building": 65, "contract": 253}}, {"model": "contracts.drawing", "pk": 134, "fields": {"number": "1001", "element": "element_of_building2", "revision": "a", "creation_date": "2021-08-29T16:12:57.382Z", "modification_date": "1996-04-08T02:11:04Z", "technician": 1, "building": 65, "contract": 253}}, {"model": "contracts.drawing", "pk": 135, "fields": {"number": "1000", "element": "element_of_building1", "revision": "a", "creation_date": "2021-08-29T16:12:57.385Z", "modification_date": "1996-04-08T02:11:04Z", "technician": 1, "building": 66, "contract": 256}}, {"model": "contracts.drawing", "pk": 136, "fields": {"number": "1001", "element": "element_of_building2", "revision": "a", "creation_date": "2021-08-29T16:12:57.386Z", "modification_date": "1996-04-08T02:11:04Z", "technician": 1, "building": 66, "contract": 256}}, {"model": "contracts.drawing", "pk": 137, "fields": {"number": "1000", "element": "element_of_building1", "revision": "a", "creation_date": "2021-08-29T16:12:57.389Z", "modification_date": "1996-04-08T02:11:04Z", "technician": 1, "building": 67, "contract": 258}}, {"model": "contracts.drawing", "pk": 138, "fields": {"number": "1001", "element": "element_of_building2", "revision": "a", "creation_date": "2021-08-29T16:12:57.390Z", "modification_date": "1996-04-08T02:11:04Z", "technician": 1, "building": 67, "contract": 258}}, {"model": "contracts.drawing", "pk": 139, "fields": {"number": "1000", "element": "element_of_building1", "revision": "a", "creation_date": "2021-08-29T16:12:57.393Z", "modification_date": "1996-04-08T02:11:04Z", "technician": 1, "building": 68, "contract": 266}}, {"model": "contracts.drawing", "pk": 140, "fields": {"number": "1001", "element": "element_of_building2", "revision": "a", "creation_date": "2021-08-29T16:12:57.394Z", "modification_date": "1996-04-08T02:11:04Z", "technician": 1, "building": 68, "contract": 266}}, {"model": "contracts.drawing", "pk": 141, "fields": {"number": "1000", "element": "element_of_building1", "revision": "a", "creation_date": "2021-08-29T16:12:57.397Z", "modification_date": "1996-04-08T02:11:04Z", "technician": 1, "building": 69, "contract": 267}}, {"model": "contracts.drawing", "pk": 142, "fields": {"number": "1001", "element": "element_of_building2", "revision": "a", "creation_date": "2021-08-29T16:12:57.399Z", "modification_date": "1996-04-08T02:11:04Z", "technician": 1, "building": 69, "contract": 267}}, {"model": "contracts.drawing", "pk": 143, "fields": {"number": "1000", "element": "element_of_building1", "revision": "a", "creation_date": "2021-08-29T16:12:57.402Z", "modification_date": "1996-04-08T02:11:04Z", "technician": 1, "building": 70, "contract": 272}}, {"model": "contracts.drawing", "pk": 144, "fields": {"number": "1001", "element": "element_of_building2", "revision": "a", "creation_date": "2021-08-29T16:12:57.403Z", "modification_date": "1996-04-08T02:11:04Z", "technician": 1, "building": 70, "contract": 272}}, {"model": "contracts.drawing", "pk": 145, "fields": {"number": "1000", "element": "element_of_building1", "revision": "a", "creation_date": "2021-08-29T16:12:57.407Z", "modification_date": "1996-04-08T02:11:04Z", "technician": 1, "building": 71, "contract": 174}}, {"model": "contracts.drawing", "pk": 146, "fields": {"number": "1001", "element": "element_of_building2", "revision": "a", "creation_date": "2021-08-29T16:12:57.408Z", "modification_date": "1996-04-08T02:11:04Z", "technician": 1, "building": 71, "contract": 174}}, {"model": "contracts.drawing", "pk": 147, "fields": {"number": "1000", "element": "element_of_building1", "revision": "a", "creation_date": "2021-08-29T16:12:57.411Z", "modification_date": "1996-04-08T02:11:04Z", "technician": 1, "building": 72, "contract": 176}}, {"model": "contracts.drawing", "pk": 148, "fields": {"number": "1001", "element": "element_of_building2", "revision": "a", "creation_date": "2021-08-29T16:12:57.412Z", "modification_date": "1996-04-08T02:11:04Z", "technician": 1, "building": 72, "contract": 176}}, {"model": "contracts.drawing", "pk": 149, "fields": {"number": "1000", "element": "element_of_building1", "revision": "a", "creation_date": "2021-08-29T16:12:57.416Z", "modification_date": "1996-04-08T02:11:04Z", "technician": 1, "building": 73, "contract": 177}}, {"model": "contracts.drawing", "pk": 150, "fields": {"number": "1001", "element": "element_of_building2", "revision": "a", "creation_date": "2021-08-29T16:12:57.417Z", "modification_date": "1996-04-08T02:11:04Z", "technician": 1, "building": 73, "contract": 177}}, {"model": "contracts.drawing", "pk": 151, "fields": {"number": "1000", "element": "element_of_building1", "revision": "a", "creation_date": "2021-08-29T16:12:57.420Z", "modification_date": "1996-04-08T02:11:04Z", "technician": 1, "building": 74, "contract": 179}}, {"model": "contracts.drawing", "pk": 152, "fields": {"number": "1001", "element": "element_of_building2", "revision": "a", "creation_date": "2021-08-29T16:12:57.422Z", "modification_date": "1996-04-08T02:11:04Z", "technician": 1, "building": 74, "contract": 179}}, {"model": "contracts.drawing", "pk": 153, "fields": {"number": "1000", "element": "element_of_building1", "revision": "a", "creation_date": "2021-08-29T16:12:57.425Z", "modification_date": "1996-04-08T02:11:04Z", "technician": 1, "building": 75, "contract": 184}}, {"model": "contracts.drawing", "pk": 154, "fields": {"number": "1001", "element": "element_of_building2", "revision": "a", "creation_date": "2021-08-29T16:12:57.426Z", "modification_date": "1996-04-08T02:11:04Z", "technician": 1, "building": 75, "contract": 184}}, {"model": "contracts.drawing", "pk": 155, "fields": {"number": "1000", "element": "element_of_building1", "revision": "a", "creation_date": "2021-08-29T16:12:57.430Z", "modification_date": "1996-04-08T02:11:04Z", "technician": 1, "building": 76, "contract": 187}}, {"model": "contracts.drawing", "pk": 156, "fields": {"number": "1001", "element": "element_of_building2", "revision": "a", "creation_date": "2021-08-29T16:12:57.431Z", "modification_date": "1996-04-08T02:11:04Z", "technician": 1, "building": 76, "contract": 187}}, {"model": "contracts.drawing", "pk": 157, "fields": {"number": "1000", "element": "element_of_building1", "revision": "a", "creation_date": "2021-08-29T16:12:57.434Z", "modification_date": "1996-04-08T02:11:04Z", "technician": 1, "building": 77, "contract": 189}}, {"model": "contracts.drawing", "pk": 158, "fields": {"number": "1001", "element": "element_of_building2", "revision": "a", "creation_date": "2021-08-29T16:12:57.436Z", "modification_date": "1996-04-08T02:11:04Z", "technician": 1, "building": 77, "contract": 189}}, {"model": "contracts.drawing", "pk": 159, "fields": {"number": "1000", "element": "element_of_building1", "revision": "a", "creation_date": "2021-08-29T16:12:57.439Z", "modification_date": "1996-04-08T02:11:04Z", "technician": 1, "building": 78, "contract": 190}}, {"model": "contracts.drawing", "pk": 160, "fields": {"number": "1001", "element": "element_of_building2", "revision": "a", "creation_date": "2021-08-29T16:12:57.440Z", "modification_date": "1996-04-08T02:11:04Z", "technician": 1, "building": 78, "contract": 190}}, {"model": "contracts.drawing", "pk": 161, "fields": {"number": "1000", "element": "element_of_building1", "revision": "a", "creation_date": "2021-08-29T16:12:57.443Z", "modification_date": "1996-04-08T02:11:04Z", "technician": 1, "building": 79, "contract": 193}}, {"model": "contracts.drawing", "pk": 162, "fields": {"number": "1001", "element": "element_of_building2", "revision": "a", "creation_date": "2021-08-29T16:12:57.445Z", "modification_date": "1996-04-08T02:11:04Z", "technician": 1, "building": 79, "contract": 193}}, {"model": "contracts.drawing", "pk": 163, "fields": {"number": "1000", "element": "element_of_building1", "revision": "a", "creation_date": "2021-08-29T16:12:57.448Z", "modification_date": "1996-04-08T02:11:04Z", "technician": 1, "building": 80, "contract": 194}}, {"model": "contracts.drawing", "pk": 164, "fields": {"number": "1001", "element": "element_of_building2", "revision": "a", "creation_date": "2021-08-29T16:12:57.449Z", "modification_date": "1996-04-08T02:11:04Z", "technician": 1, "building": 80, "contract": 194}}, {"model": "contracts.drawing", "pk": 165, "fields": {"number": "1000", "element": "element_of_building1", "revision": "a", "creation_date": "2021-08-29T16:12:57.453Z", "modification_date": "1996-04-08T02:11:04Z", "technician": 1, "building": 81, "contract": 202}}, {"model": "contracts.drawing", "pk": 166, "fields": {"number": "1001", "element": "element_of_building2", "revision": "a", "creation_date": "2021-08-29T16:12:57.454Z", "modification_date": "1996-04-08T02:11:04Z", "technician": 1, "building": 81, "contract": 202}}, {"model": "contracts.drawing", "pk": 167, "fields": {"number": "1000", "element": "element_of_building1", "revision": "a", "creation_date": "2021-08-29T16:12:57.457Z", "modification_date": "1996-04-08T02:11:04Z", "technician": 1, "building": 82, "contract": 203}}, {"model": "contracts.drawing", "pk": 168, "fields": {"number": "1001", "element": "element_of_building2", "revision": "a", "creation_date": "2021-08-29T16:12:57.458Z", "modification_date": "1996-04-08T02:11:04Z", "technician": 1, "building": 82, "contract": 203}}, {"model": "contracts.drawing", "pk": 169, "fields": {"number": "1000", "element": "element_of_building1", "revision": "a", "creation_date": "2021-08-29T16:12:57.462Z", "modification_date": "1996-04-08T02:11:04Z", "technician": 1, "building": 83, "contract": 214}}, {"model": "contracts.drawing", "pk": 170, "fields": {"number": "1001", "element": "element_of_building2", "revision": "a", "creation_date": "2021-08-29T16:12:57.463Z", "modification_date": "1996-04-08T02:11:04Z", "technician": 1, "building": 83, "contract": 214}}, {"model": "contracts.drawing", "pk": 171, "fields": {"number": "1000", "element": "element_of_building1", "revision": "a", "creation_date": "2021-08-29T16:12:57.466Z", "modification_date": "1996-04-08T02:11:04Z", "technician": 1, "building": 84, "contract": 215}}, {"model": "contracts.drawing", "pk": 172, "fields": {"number": "1001", "element": "element_of_building2", "revision": "a", "creation_date": "2021-08-29T16:12:57.467Z", "modification_date": "1996-04-08T02:11:04Z", "technician": 1, "building": 84, "contract": 215}}, {"model": "contracts.drawing", "pk": 173, "fields": {"number": "1000", "element": "element_of_building1", "revision": "a", "creation_date": "2021-08-29T16:12:57.471Z", "modification_date": "1996-04-08T02:11:04Z", "technician": 1, "building": 85, "contract": 218}}, {"model": "contracts.drawing", "pk": 174, "fields": {"number": "1001", "element": "element_of_building2", "revision": "a", "creation_date": "2021-08-29T16:12:57.472Z", "modification_date": "1996-04-08T02:11:04Z", "technician": 1, "building": 85, "contract": 218}}, {"model": "contracts.drawing", "pk": 175, "fields": {"number": "1000", "element": "element_of_building1", "revision": "a", "creation_date": "2021-08-29T16:12:57.476Z", "modification_date": "1996-04-08T02:11:04Z", "technician": 1, "building": 86, "contract": 223}}, {"model": "contracts.drawing", "pk": 176, "fields": {"number": "1001", "element": "element_of_building2", "revision": "a", "creation_date": "2021-08-29T16:12:57.477Z", "modification_date": "1996-04-08T02:11:04Z", "technician": 1, "building": 86, "contract": 223}}, {"model": "contracts.drawing", "pk": 177, "fields": {"number": "1000", "element": "element_of_building1", "revision": "a", "creation_date": "2021-08-29T16:12:57.480Z", "modification_date": "1996-04-08T02:11:04Z", "technician": 1, "building": 87, "contract": 228}}, {"model": "contracts.drawing", "pk": 178, "fields": {"number": "1001", "element": "element_of_building2", "revision": "a", "creation_date": "2021-08-29T16:12:57.481Z", "modification_date": "1996-04-08T02:11:04Z", "technician": 1, "building": 87, "contract": 228}}, {"model": "contracts.drawing", "pk": 179, "fields": {"number": "1000", "element": "element_of_building1", "revision": "a", "creation_date": "2021-08-29T16:12:57.485Z", "modification_date": "1996-04-08T02:11:04Z", "technician": 1, "building": 88, "contract": 235}}, {"model": "contracts.drawing", "pk": 180, "fields": {"number": "1001", "element": "element_of_building2", "revision": "a", "creation_date": "2021-08-29T16:12:57.486Z", "modification_date": "1996-04-08T02:11:04Z", "technician": 1, "building": 88, "contract": 235}}, {"model": "contracts.drawing", "pk": 181, "fields": {"number": "1000", "element": "element_of_building1", "revision": "a", "creation_date": "2021-08-29T16:12:57.489Z", "modification_date": "1996-04-08T02:11:04Z", "technician": 1, "building": 89, "contract": 246}}, {"model": "contracts.drawing", "pk": 182, "fields": {"number": "1001", "element": "element_of_building2", "revision": "a", "creation_date": "2021-08-29T16:12:57.491Z", "modification_date": "1996-04-08T02:11:04Z", "technician": 1, "building": 89, "contract": 246}}, {"model": "contracts.drawing", "pk": 183, "fields": {"number": "1000", "element": "element_of_building1", "revision": "a", "creation_date": "2021-08-29T16:12:57.494Z", "modification_date": "1996-04-08T02:11:04Z", "technician": 1, "building": 90, "contract": 250}}, {"model": "contracts.drawing", "pk": 184, "fields": {"number": "1001", "element": "element_of_building2", "revision": "a", "creation_date": "2021-08-29T16:12:57.496Z", "modification_date": "1996-04-08T02:11:04Z", "technician": 1, "building": 90, "contract": 250}}, {"model": "contracts.drawing", "pk": 185, "fields": {"number": "1000", "element": "element_of_building1", "revision": "a", "creation_date": "2021-08-29T16:12:57.499Z", "modification_date": "1996-04-08T02:11:04Z", "technician": 1, "building": 91, "contract": 262}}, {"model": "contracts.drawing", "pk": 186, "fields": {"number": "1001", "element": "element_of_building2", "revision": "a", "creation_date": "2021-08-29T16:12:57.500Z", "modification_date": "1996-04-08T02:11:04Z", "technician": 1, "building": 91, "contract": 262}}, {"model": "contracts.drawing", "pk": 187, "fields": {"number": "1000", "element": "element_of_building1", "revision": "a", "creation_date": "2021-08-29T16:12:57.504Z", "modification_date": "1996-04-08T02:11:04Z", "technician": 1, "building": 92, "contract": 264}}, {"model": "contracts.drawing", "pk": 188, "fields": {"number": "1001", "element": "element_of_building2", "revision": "a", "creation_date": "2021-08-29T16:12:57.505Z", "modification_date": "1996-04-08T02:11:04Z", "technician": 1, "building": 92, "contract": 264}}, {"model": "contracts.drawing", "pk": 189, "fields": {"number": "1000", "element": "element_of_building1", "revision": "a", "creation_date": "2021-08-29T16:12:57.508Z", "modification_date": "1996-04-08T02:11:04Z", "technician": 1, "building": 93, "contract": 175}}, {"model": "contracts.drawing", "pk": 190, "fields": {"number": "1001", "element": "element_of_building2", "revision": "a", "creation_date": "2021-08-29T16:12:57.510Z", "modification_date": "1996-04-08T02:11:04Z", "technician": 1, "building": 93, "contract": 175}}, {"model": "contracts.drawing", "pk": 191, "fields": {"number": "1000", "element": "element_of_building1", "revision": "a", "creation_date": "2021-08-29T16:12:57.513Z", "modification_date": "1996-04-08T02:11:04Z", "technician": 1, "building": 94, "contract": 178}}, {"model": "contracts.drawing", "pk": 192, "fields": {"number": "1001", "element": "element_of_building2", "revision": "a", "creation_date": "2021-08-29T16:12:57.514Z", "modification_date": "1996-04-08T02:11:04Z", "technician": 1, "building": 94, "contract": 178}}, {"model": "contracts.drawing", "pk": 193, "fields": {"number": "1000", "element": "element_of_building1", "revision": "a", "creation_date": "2021-08-29T16:12:57.518Z", "modification_date": "1996-04-08T02:11:04Z", "technician": 1, "building": 95, "contract": 182}}, {"model": "contracts.drawing", "pk": 194, "fields": {"number": "1001", "element": "element_of_building2", "revision": "a", "creation_date": "2021-08-29T16:12:57.519Z", "modification_date": "1996-04-08T02:11:04Z", "technician": 1, "building": 95, "contract": 182}}, {"model": "contracts.drawing", "pk": 195, "fields": {"number": "1000", "element": "element_of_building1", "revision": "a", "creation_date": "2021-08-29T16:12:57.523Z", "modification_date": "1996-04-08T02:11:04Z", "technician": 1, "building": 96, "contract": 186}}, {"model": "contracts.drawing", "pk": 196, "fields": {"number": "1001", "element": "element_of_building2", "revision": "a", "creation_date": "2021-08-29T16:12:57.524Z", "modification_date": "1996-04-08T02:11:04Z", "technician": 1, "building": 96, "contract": 186}}, {"model": "contracts.drawing", "pk": 197, "fields": {"number": "1000", "element": "element_of_building1", "revision": "a", "creation_date": "2021-08-29T16:12:57.527Z", "modification_date": "1996-04-08T02:11:04Z", "technician": 1, "building": 97, "contract": 197}}, {"model": "contracts.drawing", "pk": 198, "fields": {"number": "1001", "element": "element_of_building2", "revision": "a", "creation_date": "2021-08-29T16:12:57.528Z", "modification_date": "1996-04-08T02:11:04Z", "technician": 1, "building": 97, "contract": 197}}, {"model": "contracts.drawing", "pk": 199, "fields": {"number": "1000", "element": "element_of_building1", "revision": "a", "creation_date": "2021-08-29T16:12:57.532Z", "modification_date": "1996-04-08T02:11:04Z", "technician": 1, "building": 98, "contract": 199}}, {"model": "contracts.drawing", "pk": 200, "fields": {"number": "1001", "element": "element_of_building2", "revision": "a", "creation_date": "2021-08-29T16:12:57.533Z", "modification_date": "1996-04-08T02:11:04Z", "technician": 1, "building": 98, "contract": 199}}, {"model": "contracts.drawing", "pk": 201, "fields": {"number": "1000", "element": "element_of_building1", "revision": "a", "creation_date": "2021-08-29T16:12:57.536Z", "modification_date": "1996-04-08T02:11:04Z", "technician": 1, "building": 99, "contract": 209}}, {"model": "contracts.drawing", "pk": 202, "fields": {"number": "1001", "element": "element_of_building2", "revision": "a", "creation_date": "2021-08-29T16:12:57.537Z", "modification_date": "1996-04-08T02:11:04Z", "technician": 1, "building": 99, "contract": 209}}, {"model": "contracts.drawing", "pk": 203, "fields": {"number": "1000", "element": "element_of_building1", "revision": "a", "creation_date": "2021-08-29T16:12:57.541Z", "modification_date": "1996-04-08T02:11:04Z", "technician": 1, "building": 100, "contract": 217}}, {"model": "contracts.drawing", "pk": 204, "fields": {"number": "1001", "element": "element_of_building2", "revision": "a", "creation_date": "2021-08-29T16:12:57.542Z", "modification_date": "1996-04-08T02:11:04Z", "technician": 1, "building": 100, "contract": 217}}, {"model": "contracts.drawing", "pk": 205, "fields": {"number": "1000", "element": "element_of_building1", "revision": "a", "creation_date": "2021-08-29T16:12:57.545Z", "modification_date": "1996-04-08T02:11:04Z", "technician": 1, "building": 101, "contract": 219}}, {"model": "contracts.drawing", "pk": 206, "fields": {"number": "1001", "element": "element_of_building2", "revision": "a", "creation_date": "2021-08-29T16:12:57.547Z", "modification_date": "1996-04-08T02:11:04Z", "technician": 1, "building": 101, "contract": 219}}, {"model": "contracts.drawing", "pk": 207, "fields": {"number": "1000", "element": "element_of_building1", "revision": "a", "creation_date": "2021-08-29T16:12:57.550Z", "modification_date": "1996-04-08T02:11:04Z", "technician": 1, "building": 102, "contract": 221}}, {"model": "contracts.drawing", "pk": 208, "fields": {"number": "1001", "element": "element_of_building2", "revision": "a", "creation_date": "2021-08-29T16:12:57.551Z", "modification_date": "1996-04-08T02:11:04Z", "technician": 1, "building": 102, "contract": 221}}, {"model": "contracts.drawing", "pk": 209, "fields": {"number": "1000", "element": "element_of_building1", "revision": "a", "creation_date": "2021-08-29T16:12:57.555Z", "modification_date": "1996-04-08T02:11:04Z", "technician": 1, "building": 103, "contract": 224}}, {"model": "contracts.drawing", "pk": 210, "fields": {"number": "1001", "element": "element_of_building2", "revision": "a", "creation_date": "2021-08-29T16:12:57.556Z", "modification_date": "1996-04-08T02:11:04Z", "technician": 1, "building": 103, "contract": 224}}, {"model": "contracts.drawing", "pk": 211, "fields": {"number": "1000", "element": "element_of_building1", "revision": "a", "creation_date": "2021-08-29T16:12:57.559Z", "modification_date": "1996-04-08T02:11:04Z", "technician": 1, "building": 104, "contract": 227}}, {"model": "contracts.drawing", "pk": 212, "fields": {"number": "1001", "element": "element_of_building2", "revision": "a", "creation_date": "2021-08-29T16:12:57.560Z", "modification_date": "1996-04-08T02:11:04Z", "technician": 1, "building": 104, "contract": 227}}, {"model": "contracts.drawing", "pk": 213, "fields": {"number": "1000", "element": "element_of_building1", "revision": "a", "creation_date": "2021-08-29T16:12:57.563Z", "modification_date": "1996-04-08T02:11:04Z", "technician": 1, "building": 1, "contract": 227}}, {"model": "contracts.drawing", "pk": 214, "fields": {"number": "1001", "element": "element_of_building2", "revision": "a", "creation_date": "2021-08-29T16:12:57.565Z", "modification_date": "1996-04-08T02:11:04Z", "technician": 1, "building": 1, "contract": 227}}, {"model": "contracts.drawing", "pk": 215, "fields": {"number": "1000", "element": "element_of_building1", "revision": "a", "creation_date": "2021-08-29T16:12:57.568Z", "modification_date": "1996-04-08T02:11:04Z", "technician": 1, "building": 2, "contract": 227}}, {"model": "contracts.drawing", "pk": 216, "fields": {"number": "1001", "element": "element_of_building2", "revision": "a", "creation_date": "2021-08-29T16:12:57.569Z", "modification_date": "1996-04-08T02:11:04Z", "technician": 1, "building": 2, "contract": 227}}, {"model": "contracts.drawing", "pk": 217, "fields": {"number": "1000", "element": "element_of_building1", "revision": "a", "creation_date": "2021-08-29T16:16:38.981Z", "modification_date": "1996-04-08T02:11:04Z", "technician": 1, "building": 105, "contract": 252}}, {"model": "contracts.drawing", "pk": 218, "fields": {"number": "1001", "element": "element_of_building2", "revision": "a", "creation_date": "2021-08-29T16:16:38.988Z", "modification_date": "1996-04-08T02:11:04Z", "technician": 1, "building": 105, "contract": 252}}, {"model": "contracts.drawing", "pk": 219, "fields": {"number": "1000", "element": "element_of_building1", "revision": "a", "creation_date": "2021-08-29T16:16:38.994Z", "modification_date": "1996-04-08T02:11:04Z", "technician": 1, "building": 106, "contract": 254}}, {"model": "contracts.drawing", "pk": 220, "fields": {"number": "1001", "element": "element_of_building2", "revision": "a", "creation_date": "2021-08-29T16:16:38.996Z", "modification_date": "1996-04-08T02:11:04Z", "technician": 1, "building": 106, "contract": 254}}, {"model": "contracts.drawing", "pk": 221, "fields": {"number": "1000", "element": "element_of_building1", "revision": "a", "creation_date": "2021-08-29T16:16:39.001Z", "modification_date": "1996-04-08T02:11:04Z", "technician": 1, "building": 107, "contract": 257}}, {"model": "contracts.drawing", "pk": 222, "fields": {"number": "1001", "element": "element_of_building2", "revision": "a", "creation_date": "2021-08-29T16:16:39.003Z", "modification_date": "1996-04-08T02:11:04Z", "technician": 1, "building": 107, "contract": 257}}, {"model": "contracts.drawing", "pk": 223, "fields": {"number": "1000", "element": "element_of_building1", "revision": "a", "creation_date": "2021-08-29T16:16:39.006Z", "modification_date": "1996-04-08T02:11:04Z", "technician": 1, "building": 108, "contract": 259}}, {"model": "contracts.drawing", "pk": 224, "fields": {"number": "1001", "element": "element_of_building2", "revision": "a", "creation_date": "2021-08-29T16:16:39.008Z", "modification_date": "1996-04-08T02:11:04Z", "technician": 1, "building": 108, "contract": 259}}, {"model": "contracts.drawing", "pk": 225, "fields": {"number": "1000", "element": "element_of_building1", "revision": "a", "creation_date": "2021-08-29T16:16:39.011Z", "modification_date": "1996-04-08T02:11:04Z", "technician": 1, "building": 109, "contract": 261}}, {"model": "contracts.drawing", "pk": 226, "fields": {"number": "1001", "element": "element_of_building2", "revision": "a", "creation_date": "2021-08-29T16:16:39.013Z", "modification_date": "1996-04-08T02:11:04Z", "technician": 1, "building": 109, "contract": 261}}, {"model": "contracts.drawing", "pk": 227, "fields": {"number": "1000", "element": "element_of_building1", "revision": "a", "creation_date": "2021-08-29T16:16:39.016Z", "modification_date": "1996-04-08T02:11:04Z", "technician": 1, "building": 110, "contract": 265}}, {"model": "contracts.drawing", "pk": 228, "fields": {"number": "1001", "element": "element_of_building2", "revision": "a", "creation_date": "2021-08-29T16:16:39.018Z", "modification_date": "1996-04-08T02:11:04Z", "technician": 1, "building": 110, "contract": 265}}, {"model": "contracts.drawing", "pk": 229, "fields": {"number": "1000", "element": "element_of_building1", "revision": "a", "creation_date": "2021-08-29T16:16:39.021Z", "modification_date": "1996-04-08T02:11:04Z", "technician": 1, "building": 111, "contract": 268}}, {"model": "contracts.drawing", "pk": 230, "fields": {"number": "1001", "element": "element_of_building2", "revision": "a", "creation_date": "2021-08-29T16:16:39.023Z", "modification_date": "1996-04-08T02:11:04Z", "technician": 1, "building": 111, "contract": 268}}, {"model": "contracts.drawing", "pk": 231, "fields": {"number": "1000", "element": "element_of_building1", "revision": "a", "creation_date": "2021-08-29T16:16:39.026Z", "modification_date": "1996-04-08T02:11:04Z", "technician": 1, "building": 112, "contract": 269}}, {"model": "contracts.drawing", "pk": 232, "fields": {"number": "1001", "element": "element_of_building2", "revision": "a", "creation_date": "2021-08-29T16:16:39.027Z", "modification_date": "1996-04-08T02:11:04Z", "technician": 1, "building": 112, "contract": 269}}, {"model": "contracts.drawing", "pk": 233, "fields": {"number": "1000", "element": "element_of_building1", "revision": "a", "creation_date": "2021-08-29T16:16:39.031Z", "modification_date": "1996-04-08T02:11:04Z", "technician": 1, "building": 113, "contract": 271}}, {"model": "contracts.drawing", "pk": 234, "fields": {"number": "1001", "element": "element_of_building2", "revision": "a", "creation_date": "2021-08-29T16:16:39.032Z", "modification_date": "1996-04-08T02:11:04Z", "technician": 1, "building": 113, "contract": 271}}, {"model": "contracts.drawing", "pk": 235, "fields": {"number": "1000", "element": "element_of_building1", "revision": "a", "creation_date": "2021-08-29T16:16:39.036Z", "modification_date": "1996-04-08T02:11:04Z", "technician": 1, "building": 114, "contract": 273}}, {"model": "contracts.drawing", "pk": 236, "fields": {"number": "1001", "element": "element_of_building2", "revision": "a", "creation_date": "2021-08-29T16:16:39.037Z", "modification_date": "1996-04-08T02:11:04Z", "technician": 1, "building": 114, "contract": 273}}, {"model": "contracts.drawing", "pk": 237, "fields": {"number": "1000", "element": "element_of_building1", "revision": "a", "creation_date": "2021-08-29T16:17:23.034Z", "modification_date": "1996-04-08T02:11:04Z", "technician": 1, "building": 107, "contract": 257}}, {"model": "contracts.drawing", "pk": 238, "fields": {"number": "1001", "element": "element_of_building2", "revision": "a", "creation_date": "2021-08-29T16:17:23.039Z", "modification_date": "1996-04-08T02:11:04Z", "technician": 1, "building": 107, "contract": 257}}, {"model": "contracts.drawing", "pk": 239, "fields": {"number": "1000", "element": "element_of_building1", "revision": "a", "creation_date": "2021-08-29T16:17:23.045Z", "modification_date": "1996-04-08T02:11:04Z", "technician": 1, "building": 108, "contract": 259}}, {"model": "contracts.drawing", "pk": 240, "fields": {"number": "1001", "element": "element_of_building2", "revision": "a", "creation_date": "2021-08-29T16:17:23.047Z", "modification_date": "1996-04-08T02:11:04Z", "technician": 1, "building": 108, "contract": 259}}, {"model": "contracts.drawing", "pk": 241, "fields": {"number": "1000", "element": "element_of_building1", "revision": "a", "creation_date": "2021-08-29T16:17:23.052Z", "modification_date": "1996-04-08T02:11:04Z", "technician": 1, "building": 109, "contract": 261}}, {"model": "contracts.drawing", "pk": 242, "fields": {"number": "1001", "element": "element_of_building2", "revision": "a", "creation_date": "2021-08-29T16:17:23.054Z", "modification_date": "1996-04-08T02:11:04Z", "technician": 1, "building": 109, "contract": 261}}, {"model": "contracts.drawing", "pk": 243, "fields": {"number": "1000", "element": "element_of_building1", "revision": "a", "creation_date": "2021-08-29T16:17:23.058Z", "modification_date": "1996-04-08T02:11:04Z", "technician": 1, "building": 110, "contract": 265}}, {"model": "contracts.drawing", "pk": 244, "fields": {"number": "1001", "element": "element_of_building2", "revision": "a", "creation_date": "2021-08-29T16:17:23.059Z", "modification_date": "1996-04-08T02:11:04Z", "technician": 1, "building": 110, "contract": 265}}, {"model": "contracts.drawing", "pk": 245, "fields": {"number": "1000", "element": "element_of_building1", "revision": "a", "creation_date": "2021-08-29T16:17:23.063Z", "modification_date": "1996-04-08T02:11:04Z", "technician": 1, "building": 111, "contract": 268}}, {"model": "contracts.drawing", "pk": 246, "fields": {"number": "1001", "element": "element_of_building2", "revision": "a", "creation_date": "2021-08-29T16:17:23.064Z", "modification_date": "1996-04-08T02:11:04Z", "technician": 1, "building": 111, "contract": 268}}, {"model": "contracts.drawing", "pk": 247, "fields": {"number": "1000", "element": "element_of_building1", "revision": "a", "creation_date": "2021-08-29T16:17:23.067Z", "modification_date": "1996-04-08T02:11:04Z", "technician": 1, "building": 112, "contract": 269}}, {"model": "contracts.drawing", "pk": 248, "fields": {"number": "1001", "element": "element_of_building2", "revision": "a", "creation_date": "2021-08-29T16:17:23.068Z", "modification_date": "1996-04-08T02:11:04Z", "technician": 1, "building": 112, "contract": 269}}, {"model": "contracts.drawing", "pk": 249, "fields": {"number": "1000", "element": "element_of_building1", "revision": "a", "creation_date": "2021-08-29T16:17:23.072Z", "modification_date": "1996-04-08T02:11:04Z", "technician": 1, "building": 113, "contract": 271}}, {"model": "contracts.drawing", "pk": 250, "fields": {"number": "1001", "element": "element_of_building2", "revision": "a", "creation_date": "2021-08-29T16:17:23.073Z", "modification_date": "1996-04-08T02:11:04Z", "technician": 1, "building": 113, "contract": 271}}, {"model": "contracts.drawing", "pk": 251, "fields": {"number": "1000", "element": "element_of_building1", "revision": "a", "creation_date": "2021-08-29T16:17:23.077Z", "modification_date": "1996-04-08T02:11:04Z", "technician": 1, "building": 114, "contract": 273}}, {"model": "contracts.drawing", "pk": 252, "fields": {"number": "1001", "element": "element_of_building2", "revision": "a", "creation_date": "2021-08-29T16:17:23.078Z", "modification_date": "1996-04-08T02:11:04Z", "technician": 1, "building": 114, "contract": 273}}, {"model": "contracts.drawing", "pk": 253, "fields": {"number": "1000", "element": "element_of_building1", "revision": "a", "creation_date": "2021-08-29T16:17:23.082Z", "modification_date": "1996-04-08T02:11:04Z", "technician": 1, "building": 105, "contract": 252}}, {"model": "contracts.drawing", "pk": 254, "fields": {"number": "1001", "element": "element_of_building2", "revision": "a", "creation_date": "2021-08-29T16:17:23.084Z", "modification_date": "1996-04-08T02:11:04Z", "technician": 1, "building": 105, "contract": 252}}, {"model": "contracts.drawing", "pk": 255, "fields": {"number": "1000", "element": "element_of_building1", "revision": "a", "creation_date": "2021-08-29T16:17:23.088Z", "modification_date": "1996-04-08T02:11:04Z", "technician": 1, "building": 106, "contract": 254}}, {"model": "contracts.drawing", "pk": 256, "fields": {"number": "1001", "element": "element_of_building2", "revision": "a", "creation_date": "2021-08-29T16:17:23.090Z", "modification_date": "1996-04-08T02:11:04Z", "technician": 1, "building": 106, "contract": 254}}, {"model": "social_django.usersocialauth", "pk": 1, "fields": {"user": 1, "provider": "github", "uid": "69165289", "extra_data": "{\"auth_time\": 1629916838, \"id\": 69165289, \"expires\": null, \"login\": \"bartoszsklodowski\", \"access_token\": \"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\", \"token_type\": \"bearer\"}", "created": "2021-08-05T13:46:29.660Z", "modified": "2021-08-25T18:40:38.521Z"}}]