[{"model": "admin.logentry", "pk": 1, "fields": {"action_time": "2021-07-03T10:25:23.297Z", "user": 1, "content_type": 3, "object_id": "1", "object_repr": "managers", "action_flag": 1, "change_message": "[{\"added\": {}}]"}}, {"model": "admin.logentry", "pk": 2, "fields": {"action_time": "2021-07-03T10:25:32.906Z", "user": 1, "content_type": 3, "object_id": "1", "object_repr": "Managers", "action_flag": 2, "change_message": "[{\"changed\": {\"fields\": [\"Name\"]}}]"}}, {"model": "admin.logentry", "pk": 3, "fields": {"action_time": "2021-07-03T12:25:17.194Z", "user": 1, "content_type": 3, "object_id": "2", "object_repr": "Staff", "action_flag": 1, "change_message": "[{\"added\": {}}]"}}, {"model": "admin.logentry", "pk": 4, "fields": {"action_time": "2021-07-03T12:29:27.577Z", "user": 1, "content_type": 4, "object_id": "2", "object_repr": "User_1", "action_flag": 2, "change_message": "[{\"changed\": {\"fields\": [\"Groups\"]}}]"}}, {"model": "admin.logentry", "pk": 5, "fields": {"action_time": "2021-07-03T12:29:37.682Z", "user": 1, "content_type": 4, "object_id": "3", "object_repr": "User_2", "action_flag": 2, "change_message": "[{\"changed\": {\"fields\": [\"Groups\"]}}]"}}, {"model": "auth.permission", "pk": 1, "fields": {"name": "Can add log entry", "content_type": 1, "codename": "add_logentry"}}, {"model": "auth.permission", "pk": 2, "fields": {"name": "Can change log entry", "content_type": 1, "codename": "change_logentry"}}, {"model": "auth.permission", "pk": 3, "fields": {"name": "Can delete log entry", "content_type": 1, "codename": "delete_logentry"}}, {"model": "auth.permission", "pk": 4, "fields": {"name": "Can view log entry", "content_type": 1, "codename": "view_logentry"}}, {"model": "auth.permission", "pk": 5, "fields": {"name": "Can add permission", "content_type": 2, "codename": "add_permission"}}, {"model": "auth.permission", "pk": 6, "fields": {"name": "Can change permission", "content_type": 2, "codename": "change_permission"}}, {"model": "auth.permission", "pk": 7, "fields": {"name": "Can delete permission", "content_type": 2, "codename": "delete_permission"}}, {"model": "auth.permission", "pk": 8, "fields": {"name": "Can view permission", "content_type": 2, "codename": "view_permission"}}, {"model": "auth.permission", "pk": 9, "fields": {"name": "Can add group", "content_type": 3, "codename": "add_group"}}, {"model": "auth.permission", "pk": 10, "fields": {"name": "Can change group", "content_type": 3, "codename": "change_group"}}, {"model": "auth.permission", "pk": 11, "fields": {"name": "Can delete group", "content_type": 3, "codename": "delete_group"}}, {"model": "auth.permission", "pk": 12, "fields": {"name": "Can view group", "content_type": 3, "codename": "view_group"}}, {"model": "auth.permission", "pk": 13, "fields": {"name": "Can add user", "content_type": 4, "codename": "add_user"}}, {"model": "auth.permission", "pk": 14, "fields": {"name": "Can change user", "content_type": 4, "codename": "change_user"}}, {"model": "auth.permission", "pk": 15, "fields": {"name": "Can delete user", "content_type": 4, "codename": "delete_user"}}, {"model": "auth.permission", "pk": 16, "fields": {"name": "Can view user", "content_type": 4, "codename": "view_user"}}, {"model": "auth.permission", "pk": 17, "fields": {"name": "Can add content type", "content_type": 5, "codename": "add_contenttype"}}, {"model": "auth.permission", "pk": 18, "fields": {"name": "Can change content type", "content_type": 5, "codename": "change_contenttype"}}, {"model": "auth.permission", "pk": 19, "fields": {"name": "Can delete content type", "content_type": 5, "codename": "delete_contenttype"}}, {"model": "auth.permission", "pk": 20, "fields": {"name": "Can view content type", "content_type": 5, "codename": "view_contenttype"}}, {"model": "auth.permission", "pk": 21, "fields": {"name": "Can add session", "content_type": 6, "codename": "add_session"}}, {"model": "auth.permission", "pk": 22, "fields": {"name": "Can change session", "content_type": 6, "codename": "change_session"}}, {"model": "auth.permission", "pk": 23, "fields": {"name": "Can delete session", "content_type": 6, "codename": "delete_session"}}, {"model": "auth.permission", "pk": 24, "fields": {"name": "Can view session", "content_type": 6, "codename": "view_session"}}, {"model": "auth.permission", "pk": 25, "fields": {"name": "Can add personal data", "content_type": 9, "codename": "add_personaldata"}}, {"model": "auth.permission", "pk": 26, "fields": {"name": "Can change personal data", "content_type": 9, "codename": "change_personaldata"}}, {"model": "auth.permission", "pk": 27, "fields": {"name": "Can delete personal data", "content_type": 9, "codename": "delete_personaldata"}}, {"model": "auth.permission", "pk": 28, "fields": {"name": "Can view personal data", "content_type": 9, "codename": "view_personaldata"}}, {"model": "auth.permission", "pk": 29, "fields": {"name": "Can add drawing", "content_type": 8, "codename": "add_drawing"}}, {"model": "auth.permission", "pk": 30, "fields": {"name": "Can change drawing", "content_type": 8, "codename": "change_drawing"}}, {"model": "auth.permission", "pk": 31, "fields": {"name": "Can delete drawing", "content_type": 8, "codename": "delete_drawing"}}, {"model": "auth.permission", "pk": 32, "fields": {"name": "Can view drawing", "content_type": 8, "codename": "view_drawing"}}, {"model": "auth.permission", "pk": 33, "fields": {"name": "Can add building", "content_type": 10, "codename": "add_building"}}, {"model": "auth.permission", "pk": 34, "fields": {"name": "Can change building", "content_type": 10, "codename": "change_building"}}, {"model": "auth.permission", "pk": 35, "fields": {"name": "Can delete building", "content_type": 10, "codename": "delete_building"}}, {"model": "auth.permission", "pk": 36, "fields": {"name": "Can view building", "content_type": 10, "codename": "view_building"}}, {"model": "auth.permission", "pk": 37, "fields": {"name": "Can add department", "content_type": 11, "codename": "add_department"}}, {"model": "auth.permission", "pk": 38, "fields": {"name": "Can change department", "content_type": 11, "codename": "change_department"}}, {"model": "auth.permission", "pk": 39, "fields": {"name": "Can delete department", "content_type": 11, "codename": "delete_department"}}, {"model": "auth.permission", "pk": 40, "fields": {"name": "Can view department", "content_type": 11, "codename": "view_department"}}, {"model": "auth.permission", "pk": 41, "fields": {"name": "Can add contract", "content_type": 12, "codename": "add_contract"}}, {"model": "auth.permission", "pk": 42, "fields": {"name": "Can change contract", "content_type": 12, "codename": "change_contract"}}, {"model": "auth.permission", "pk": 43, "fields": {"name": "Can delete contract", "content_type": 12, "codename": "delete_contract"}}, {"model": "auth.permission", "pk": 44, "fields": {"name": "Can view contract", "content_type": 12, "codename": "view_contract"}}, {"model": "auth.permission", "pk": 45, "fields": {"name": "Can add address", "content_type": 7, "codename": "add_address"}}, {"model": "auth.permission", "pk": 46, "fields": {"name": "Can change address", "content_type": 7, "codename": "change_address"}}, {"model": "auth.permission", "pk": 47, "fields": {"name": "Can delete address", "content_type": 7, "codename": "delete_address"}}, {"model": "auth.permission", "pk": 48, "fields": {"name": "Can view address", "content_type": 7, "codename": "view_address"}}, {"model": "auth.permission", "pk": 49, "fields": {"name": "Can add customer", "content_type": 13, "codename": "add_customer"}}, {"model": "auth.permission", "pk": 50, "fields": {"name": "Can change customer", "content_type": 13, "codename": "change_customer"}}, {"model": "auth.permission", "pk": 51, "fields": {"name": "Can delete customer", "content_type": 13, "codename": "delete_customer"}}, {"model": "auth.permission", "pk": 52, "fields": {"name": "Can view customer", "content_type": 13, "codename": "view_customer"}}, {"model": "auth.permission", "pk": 53, "fields": {"name": "Can add region", "content_type": 14, "codename": "add_region"}}, {"model": "auth.permission", "pk": 54, "fields": {"name": "Can change region", "content_type": 14, "codename": "change_region"}}, {"model": "auth.permission", "pk": 55, "fields": {"name": "Can delete region", "content_type": 14, "codename": "delete_region"}}, {"model": "auth.permission", "pk": 56, "fields": {"name": "Can view region", "content_type": 14, "codename": "view_region"}}, {"model": "auth.permission", "pk": 57, "fields": {"name": "Can add employee", "content_type": 15, "codename": "add_employee"}}, {"model": "auth.permission", "pk": 58, "fields": {"name": "Can change employee", "content_type": 15, "codename": "change_employee"}}, {"model": "auth.permission", "pk": 59, "fields": {"name": "Can delete employee", "content_type": 15, "codename": "delete_employee"}}, {"model": "auth.permission", "pk": 60, "fields": {"name": "Can view employee", "content_type": 15, "codename": "view_employee"}}, {"model": "auth.group", "pk": 1, "fields": {"name": "Managers", "permissions": [13, 14, 16, 45, 46, 47, 48, 33, 34, 35, 36, 41, 42, 43, 44, 49, 50, 51, 52, 37, 38, 39, 40, 29, 30, 31, 32, 57, 58, 59, 60, 25, 26, 27, 28, 53, 54, 55, 56, 21, 22, 23, 24]}}, {"model": "auth.group", "pk": 2, "fields": {"name": "Staff", "permissions": [16, 48, 33, 36, 41, 44, 52, 40, 29, 31, 32, 60, 56]}}, {"model": "auth.user", "pk": 1, "fields": {"password": "pbkdf2_sha256$260000$Wm3JcjjLWsJKKjlC0vFHvv$aA7fNki4kn3b3QJZVOZeBESPIHSCeYC+Qh48D9HDGgs=", "last_login": "2021-07-03T12:28:35.341Z", "is_superuser": true, "username": "admin", "first_name": "", "last_name": "", "email": "", "is_staff": true, "is_active": true, "date_joined": "2021-06-27T09:40:30.490Z", "groups": [], "user_permissions": []}}, {"model": "auth.user", "pk": 2, "fields": {"password": "pbkdf2_sha256$260000$Rut8CKHiRPf2DOmgzEYqWy$WBxp2BYMASSq+xJm/CBD8HyKgiqrs3gQfMkWDRBDw8k=", "last_login": "2021-07-03T11:52:51Z", "is_superuser": false, "username": "User_1", "first_name": "", "last_name": "", "email": "", "is_staff": false, "is_active": true, "date_joined": "2021-07-03T11:52:44Z", "groups": [1], "user_permissions": []}}, {"model": "auth.user", "pk": 3, "fields": {"password": "pbkdf2_sha256$260000$BMDA7t2rBiOoGD2HsNnhJo$wwDkW7mDt0eEb4isqHQz7itNUdQtP2fF6N6JTqZKmZI=", "last_login": null, "is_superuser": false, "username": "User_2", "first_name": "", "last_name": "", "email": "", "is_staff": false, "is_active": true, "date_joined": "2021-07-03T12:25:52Z", "groups": [2], "user_permissions": []}}, {"model": "auth.user", "pk": 4, "fields": {"password": "pbkdf2_sha256$260000$9PmgRljc64iCjK9ysVPQXB$IJfxEvUKn3Vj9aZkK7YzRkWCmpEwP/5mp5ioJdbKX/c=", "last_login": null, "is_superuser": false, "username": "User_3", "first_name": "", "last_name": "", "email": "", "is_staff": false, "is_active": true, "date_joined": "2021-07-03T12:28:18.352Z", "groups": [2], "user_permissions": []}}, {"model": "auth.user", "pk": 5, "fields": {"password": "pbkdf2_sha256$260000$HY8vHicdU2sV9hz34Lgf9X$ebuopa9XeCYFh3WUmu6si0Z1EfLrxlZW7tzVFIOy+sc=", "last_login": null, "is_superuser": false, "username": "User_4", "first_name": "", "last_name": "", "email": "", "is_staff": false, "is_active": true, "date_joined": "2021-07-03T14:03:39.597Z", "groups": [2], "user_permissions": []}}, {"model": "contenttypes.contenttype", "pk": 1, "fields": {"app_label": "admin", "model": "logentry"}}, {"model": "contenttypes.contenttype", "pk": 2, "fields": {"app_label": "auth", "model": "permission"}}, {"model": "contenttypes.contenttype", "pk": 3, "fields": {"app_label": "auth", "model": "group"}}, {"model": "contenttypes.contenttype", "pk": 4, "fields": {"app_label": "auth", "model": "user"}}, {"model": "contenttypes.contenttype", "pk": 5, "fields": {"app_label": "contenttypes", "model": "contenttype"}}, {"model": "contenttypes.contenttype", "pk": 6, "fields": {"app_label": "sessions", "model": "session"}}, {"model": "contenttypes.contenttype", "pk": 7, "fields": {"app_label": "contracts", "model": "address"}}, {"model": "contenttypes.contenttype", "pk": 8, "fields": {"app_label": "contracts", "model": "drawing"}}, {"model": "contenttypes.contenttype", "pk": 9, "fields": {"app_label": "contracts", "model": "personaldata"}}, {"model": "contenttypes.contenttype", "pk": 10, "fields": {"app_label": "contracts", "model": "building"}}, {"model": "contenttypes.contenttype", "pk": 11, "fields": {"app_label": "contracts", "model": "department"}}, {"model": "contenttypes.contenttype", "pk": 12, "fields": {"app_label": "contracts", "model": "contract"}}, {"model": "contenttypes.contenttype", "pk": 13, "fields": {"app_label": "contracts", "model": "customer"}}, {"model": "contenttypes.contenttype", "pk": 14, "fields": {"app_label": "contracts", "model": "region"}}, {"model": "contenttypes.contenttype", "pk": 15, "fields": {"app_label": "contracts", "model": "employee"}}, {"model": "contracts.address", "pk": 1, "fields": {"street": "Szklarniowa 8", "zip_code": "03-046", "town": "Warszawa"}}, {"model": "contracts.address", "pk": 2, "fields": {"street": "Bankowa 32", "zip_code": "05-232", "town": "Zielonka"}}, {"model": "contracts.address", "pk": 3, "fields": {"street": "Z³ota 30", "zip_code": "05-200", "town": "Wo³omin"}}, {"model": "contracts.address", "pk": 4, "fields": {"street": "Sienkiewicza 8", "zip_code": "15-569", "town": "Bia³ystok"}}, {"model": "contracts.address", "pk": 5, "fields": {"street": "Parzniewska 10", "zip_code": "05-800", "town": "Pruszków"}}, {"model": "contracts.address", "pk": 6, "fields": {"street": "Domaniewska 32", "zip_code": "02-672", "town": "Warszawa"}}, {"model": "contracts.address", "pk": 7, "fields": {"street": "Lipowa 15", "zip_code": "05-232", "town": "Zielonka"}}, {"model": "contracts.address", "pk": 8, "fields": {"street": "Akacjowa 15", "zip_code": "05-281", "town": "Urle"}}, {"model": "contracts.customer", "pk": 1, "fields": {"name": "Warbud", "description": "", "address": 6}}, {"model": "contracts.customer", "pk": 2, "fields": {"name": "Strabag", "description": "", "address": 5}}, {"model": "contracts.customer", "pk": 3, "fields": {"name": "Budrex Kobi", "description": "", "address": 4}}, {"model": "contracts.region", "pk": 1, "fields": {"name": "Warsaw Branch", "prefix": 286, "address": 1}}, {"model": "contracts.personaldata", "pk": 1, "fields": {"name": "Jan", "last_name": "Kowalski", "address": 3}}, {"model": "contracts.personaldata", "pk": 2, "fields": {"name": "John", "last_name": "Doe", "address": 7}}, {"model": "contracts.personaldata", "pk": 3, "fields": {"name": "Jaœ", "last_name": "Kapela", "address": 8}}, {"model": "contracts.department", "pk": 1, "fields": {"name": "Sales Department", "description": ""}}, {"model": "contracts.department", "pk": 2, "fields": {"name": "Financial Department", "description": ""}}, {"model": "contracts.department", "pk": 3, "fields": {"name": "Technical Department", "description": ""}}, {"model": "contracts.department", "pk": 4, "fields": {"name": "Logistic Department", "description": ""}}, {"model": "contracts.department", "pk": 5, "fields": {"name": "Customer Service", "description": ""}}, {"model": "contracts.employee", "pk": 1, "fields": {"position": "Technician", "hire_date": "2021-06-29", "personal_data": 1, "department": 3}}, {"model": "contracts.employee", "pk": 2, "fields": {"position": "Junior Technician", "hire_date": "2021-06-29", "personal_data": 2, "department": 3}}, {"model": "contracts.employee", "pk": 3, "fields": {"position": "Technician Manager", "hire_date": "2021-06-29", "personal_data": 2, "department": 3}}, {"model": "contracts.employee", "pk": 4, "fields": {"position": "Technician Manager", "hire_date": "2021-06-29", "personal_data": 3, "department": 3}}, {"model": "contracts.contract", "pk": 1, "fields": {"number": "289-006097", "name": "S19 Budowa Obwodnicy Kraœnika", "type": "Obiekty in¿ynieryjne", "start_date": "2020-06-20", "end_date": "2021-06-20", "description": "", "address": null, "customer": 3, "region": 1, "employee": [2, 4]}}, {"model": "contracts.building", "pk": 1, "fields": {"name": "WD-30", "description": "", "contract": 1}}, {"model": "contracts.building", "pk": 2, "fields": {"name": "WD-31", "description": "", "contract": 1}}, {"model": "contracts.drawing", "pk": 1, "fields": {"number": "1001", "element": "", "revision": "", "creation_date": "2021-06-29T20:58:09.882Z", "modification_date": null, "technician": 2, "building": 1, "contract": 1}}, {"model": "contracts.drawing", "pk": 2, "fields": {"number": "1002", "element": "Przyczó³ek", "revision": "", "creation_date": "2021-06-29T21:03:27.172Z", "modification_date": null, "technician": 2, "building": 1, "contract": 1}}, {"model": "contracts.drawing", "pk": 3, "fields": {"number": "1003", "element": "Ustrój noœny", "revision": "", "creation_date": "2021-06-29T21:03:40.191Z", "modification_date": null, "technician": 2, "building": 1, "contract": 1}}, {"model": "contracts.drawing", "pk": 4, "fields": {"number": "1003", "element": "Ustrój noœny", "revision": "", "creation_date": "2021-06-29T21:03:46.898Z", "modification_date": null, "technician": 2, "building": 2, "contract": 1}}, {"model": "contracts.drawing", "pk": 5, "fields": {"number": "1002", "element": "Przyczó³ek", "revision": "", "creation_date": "2021-06-29T21:04:00.295Z", "modification_date": null, "technician": 2, "building": 2, "contract": 1}}, {"model": "contracts.drawing", "pk": 6, "fields": {"number": "1001", "element": "Fundamenty", "revision": "", "creation_date": "2021-06-29T21:04:13.218Z", "modification_date": null, "technician": 2, "building": 2, "contract": 1}}]